主题,批次,编号,题名,第一作者,期刊,年期,文章类型,A,A起始年,A类型,识别方法,标题C,实测C指标,数据来源,贴合度,热词,效应数字,备注,预期测法,沟通主体
社保,SB,SB-001,个人养老金应急领取情形下税收规则的优化探析,蒋辉宇,税务研究,2026(9),阐释综述,—,—,—,—,—,—,—,—,无,—,—,,
社保,SB,SB-002,企业社保综合降费与劳动收入份额,杜鹏程,财贸经济,2026(9),冲击回归,"2019年《降低社会保险费率综合方案》实施的企业社保综合降费（""降费率""+""降费基""）",2019,全国统一政策,摘要未给,企业劳动收入份额,企业劳动收入份额；企业内部收入差距,摘要未给（企业微观数据）,高,共同富裕；初次分配,无,"原文称""准自然实验""；构建资本—技能互补的要素收入分配模型；机制为企业社保缴费规范度提升、员工薪酬福利增加、技能结构升级；社保基金平衡压力大、人力资本丰裕地区与劳动密集型企业效应更强；""降费基""解释力强于""降费率""，费率与费基协同调整效果超过单一工具",,
社保,SB,SB-003,城乡居民医疗保险的参保激励与可持续保障研究,封进,经济研究,2026(8),其他实证,"保费与预期自付医疗费用（同等现金支出对参保选择影响不同，即""不一致选择""）；政府动员",无,连续变量（非冲击）,摘要未给,居民医保参保激励与医保可持续,居民医保参保选择；模拟的参保率与医保基金收支平衡,摘要未给,高,社保可持续,无,健康较好的低风险人群不一致选择更普遍并降低逆选择；低收入群体的不一致选择主要受收入约束；政府动员增强低风险人群、减弱低收入群体的不一致选择；模拟：对低风险人群降保费比提待遇更能促参保；按家庭人均可支配收入定保费对整体参保率提升有限但减轻低收入群体负担,,
社保,SB,SB-004,生产技术变革、企业社保缴费与社保基金可持续性,李建军,经济研究,2026(8),其他实证,机器人使用（工业机器人渗透度）,无,技术冲击,摘要未给,企业社保缴费与社保基金可持续性,企业社会保险缴费；企业劳动雇佣规模（缴费基础）；参保人数、社保基金收入,全国税收调查数据＋工业机器人渗透度,中,社保可持续,无,"劳动替代效应（缩减雇佣与缴费基础）与工资收入效应（提高缴费）并存，前者占主导；就业再配置推动劳动力流向服务业和非正规部门，新增就业未形成稳定缴费增量；""可持续性""以参保人数与社保基金收入体现",,
社保,SB,SB-005,社保缴费基数限额下调的稳就业与促投资效应研究——来自社平工资统计口径调整的证据,唐珏,管理世界,2026(8),冲击回归,2019年社平工资统计口径调整（以全口径职工平均工资确定社保缴费基数限额），部分地区基数限额下调,2019,地区强度差异,摘要未给,稳就业与促投资,人均劳动力成本；企业雇佣职工数量；企业投资概率与投资强度；社保基金收入、政府财政补贴社保基金的能力,摘要未给（企业层面）,高,稳就业,人均劳动力成本−2.38%；雇佣职工数+3.86%；劳动力需求弹性1.62,"原文称""外生冲击""；机制为降低劳动力成本与缓解融资约束；低工资、社保缴费遵从度高与小企业组效应更大；促投资与稳就业均由下调缴费基数下限驱动；基数限额下调不降低社保基金收入，并提高财政补贴社保基金的能力",,
社保,SB,SB-006,养老保险缴费率下降的工资弹性之谜——兼论积极财政政策精准发力的路径,何凡,管理世界,2026(8),冲击回归,2019年养老保险缴费率下调（手工收集的各城市法定缴费率）,2019,地区强度差异,强度DID,降费的工资收入弹性（劳动力工资）,劳动力工资收入；企业劳动力雇佣与投资规模,手工收集2016—2023年城市法定缴费率＋微观企业数据,高,积极财政政策,缴费率每降1个百分点：工资+2.18%，雇佣+2.47%，投资+7.04%,"摘要称""构建双重差分模型""且按缴费率每1个百分点报告效应，故记为强度DID；理论上引入内生融资约束解释工资弹性大于1，融资约束与弹性可能呈倒U形；融资约束放大雇佣与投资效应",,
社保,SB,SB-007,税收公平与区域协调发展——来自养老保险缴费率调整的证据,何凡,经济研究,2026(5),冲击回归,2019年地区间养老保险缴费率差距缩小（养老保险缴费率调整）,2019,地区强度差异,摘要未给,区域协调发展,欠发达地区与发达地区的发展差距（具体指标摘要未给）,摘要未给,摘要无法判断,区域协调发展；共同富裕；财税体制改革,无,"标题中的""税收公平""以养老保险缴费率差距缩小来体现（依据养老保险缴费与工资税等价）；原文称""外部冲击…因果识别""；构建地区间税费竞争与协调理论模型；机制为欠发达地区在位企业发展、对资本和劳动力吸引力增强、区域间资源配置效率优化",,
社保,SB,SB-008,经济高质量发展视角下我国促进就业的税费政策探讨,张译文,税务研究,2026(4),阐释综述,—,—,—,—,—,—,—,—,高质量发展,—,—,,
社保,SB,SB-009,社会保障支出的累进性、排序改变与收入分配效应,寺林嘎,经济研究,2026(3),测度,社会保障支出（含养老金）的再分配效应（测度对象）,无,无,无,社会保障支出的累进性、排序改变与收入分配效应,以转移前/转移后收入为基准的累进性；排序改变效应；居民收入差距变化,2023年中国家庭收入调查（CHIP）,高,共同富裕；公平统一,无,统一的再分配效应分析框架；以转移前收入为基准社保支出累进、以转移后收入为基准累退；排序改变是理解差异的关键，基本养老保险制度间待遇差距是排序改变的重要来源,,
社保,SB,SB-010,2025年税收征管研究综述,李平,税务研究,2026(3),阐释综述,—,—,—,—,—,—,—,—,中国式现代化；以数治税；效能税务；数字经济,—,—,,
社保,SB,SB-011,中国社保基金增收的微观机制与适应策略——来自缴费基数限额调整的证据,黄永颖,经济研究,2026(1),冲击回归,养老保险缴费基数下限提高（利用各地基数调整的月份差异）,摘要未给,分批试点或分地区推开,多期DID,社保基金增收（企业职工基本养老保险基金收入）,养老保险基金收入；基数申报标准（机制效应）；下限遵从概率（行为效应）；缴费分担与企业基数申报策略,中国城镇住户调查月度数据,高,十五五；高质量发展,基金收入约+2.55%；反事实：做实缴费基数可将促收效应提升至样本均值的10.98%—59.80%,"应税收入弹性框架；以基数调整的月份差异构造双重差分，故记为多期DID，A类型按""各地调整时点不同""记；两种效应与年龄、技能、缴费压力相关；缴费增加主要由低收入群体承担，企业采取""低增高减""的基数申报策略",,
社保,SB,SB-012,职工基本养老保险、便携效率与动态博弈改进,路锦非,管理世界,2026(1),模型模拟,现行职工基本养老保险关系转移制度（转出地政府、转入地政府、流动职工三方博弈）,摘要未给,无,无,职工基本养老保险便携效率,三方主体损益、博弈均衡及其演化轨迹（数值模拟）,焦点面上调研（提炼问题）＋数值模拟,中,全国统筹；社保可持续,无,"三方跨期动态演化博弈模型；现行政策下三方均受损呈""多输""，转入地的便携阻碍更大；关键机制为""工龄歧视""效应与""福利负担""效应；提出新三方关系框架",,
社保,SB,SB-013,养老保险待遇不确定性对家庭储蓄及金融资产结构的影响,封进,金融研究,2025(12),冲击回归,2015年机关事业单位养老保险制度改革（养老金待遇不确定性上升）,2015,全国统一政策,摘要未给,家庭储蓄及金融资产结构,家庭储蓄率；家庭风险金融资产配置比例,摘要未给（家庭层面）,高,多层次多支柱；人口老龄化,无,"原文称""政策实验""；先有理论模型；机制为养老待遇不确定性（职业年金市场化运作及收益波动）；改革对养老金财富及税后工资的影响不显著",,
社保,SB,SB-014,个人养老金税收优惠模式的局限与改革,郑秉文,税务研究,2025(12),测度,"现行个人养老金""比例税率+EET""税收优惠模式（测算对象）",2022,无,无,个人养老金税收优惠模式的局限,"个税非纳税人与纳税人参加人在EET模式下的""双重损失""（量化测算，数值摘要未给）",摘要未给,高,高质量发展,无,"摘要称个人养老金2022年年底试点、2024年年底全国推广；背景为参加人数超预期但缴存人数、缴存金额和投资比例不理想（""怠惰""困境）；建议以""EEpT+TEE""双模式替代EET单模式",,
社保,SB,SB-015,社会保险统筹改革与中小企业信贷融资,赵仁杰,数量经济技术经济研究,2025(11),冲击回归,养老保险统筹层次提升（社会保险统筹改革，具体层级摘要未给）,摘要未给,分批试点或分地区推开,DID（类型摘要未给）,中小企业信贷融资,中小企业银行借款能力；信贷融资成本,全国税收调查数据,高,二十届三中全会；融资难融资贵；全国统筹,无,摘要未写明统筹层级与实施时点，A类型按统筹层次提升为分地区推进记；机制为减少地方政府发债与扶持低效企业对中小企业信贷的挤占、改善地方性金融机构信贷支持；民营企业中更明显；改革前受扶持企业多、银行业竞争大的地区更明显,,
社保,SB,SB-016,收入不确定性与诈骗防范：来自中国城镇家庭的微观证据,高楠,财贸经济,2025(10),其他实证,收入不确定性,无,连续变量（非冲击）,摘要未给,诈骗受害风险（诈骗防范）,家庭成员受骗概率；诈骗经济损失,全国代表性城镇居民微观调查数据（名称摘要未给）,高,总体国家安全观；平安中国；数字经济,收入不确定性每提高1个标准单位：受骗概率+1.29个百分点，经济损失+13.77%（2993元）；机制解释力：信贷约束16.67%、风险承担意愿1.39%,摘要提及内生性处理；劳动性收入不确定性影响更大；数字经济发展削弱负面影响；缺乏社会保障和商业保险的家庭更易受骗，养老保险在风险对冲中发挥作用,,
社保,SB,SB-017,医保基金监管的震慑效应：理论与实证分析,王贞,管理世界,2025(10),冲击回归,国家医保局首次通报欺诈骗保典型案例,摘要未给,宏观或信息冲击,断点,医保基金监管的震慑效应,"未受稽查医疗机构的住院费用、医保支出、住院人次、门诊—住院转化率；百度""骗保""资讯指数",摘要未给（医疗机构层面）；百度资讯指数,中,无,"通报当天百度""骗保""资讯指数提升5倍；住院费用约−24%、医保支出−21%、住院人次约−9%、门诊—住院转化率−3个百分点；短期节约医保基金161亿元",时间断点回归；先构建医疗机构与医保部门的重复博弈模型；机制为释放监管加强信号，提高医疗机构预期惩罚成本与稽核概率,,
社保,SB,SB-018,养老金跨省调剂、保费征缴强度与地方财政收入,曾益,财政研究,2025(9),冲击回归,养老金跨省调剂制度（2018年差额调剂模式的中央调剂制度；2022年余缺调剂模式的全国统筹制度）,2018（中央调剂）；2022（全国统筹）,地区强度差异,强度DID,保费征缴强度与地方财政收入,地方政府保费征缴强度；地方财政收入；企业研发投入与经营状况（机制）,2002—2023年省级面板数据,高,全国统筹,无,征缴强度下降在基金净受益省份显著、净贡献省份不显著；差额调剂模式的负向影响大于余缺调剂模式；通过研发投入增加与经营状况改善增加地方财政收入，可弥补征缴强度下降产生的养老金收支缺口,,
社保,SB,SB-019,地方政府激励与社会保险制度改革效果：基于养老保险全国统筹制度设计的研究,唐珏,经济研究,2025(8),冲击回归,养老保险全国统筹的基金跨省调剂制度,摘要未给,全国统一政策,摘要未给,社会保险制度改革效果（地方政府征缴与支出行为）,企业职工基本养老保险缴费率（征缴规范程度）；养老保险基金支出；非税收入征收力度,摘要未给（企业与地区层面）,中,全国统筹；二十届三中全会；社保可持续,无,信息不对称下跨省调剂降低地方征缴规范程度、使企业缴费率下降；税务部门全责征收能有效抑制该现象，地方社保信息系统接入全国统筹系统的抑制效果有限；净调入与净调出地区存在异质性；净调入地区放松非税收入征收力度,,
社保,SB,SB-020,中国社会保险缴费的信用激励效应：来自“银保互动”的经验证据,黄永颖,数量经济技术经济研究,2025(8),冲击回归,"社会保险缴费信息共享政策（人民银行协同社会保障部门与商业银行，""银保互动""）",摘要未给,摘要未给,DID（类型摘要未给）,社会保险缴费的信用激励效应,企业长期银行借款；融资期限结构；固定资产投资与劳动力雇佣；企业缴费遵从度,摘要未给（企业层面）,中,社保可持续；社会信用体系,无,机制为缓解信息不对称、提高贷款审批效率；社保缴费信息质量影响政策效果；政策同时提高企业缴费遵从度,,
社保,SB,SB-021,社保降费如何影响企业用工结构?——基于正式用工与劳务外包选择视角的分析,韩亚东,金融研究,2025(7),冲击回归,2019年社保降费政策,2019,全国统一政策,DID（类型摘要未给）,企业用工结构（正式用工与劳务外包选择）,企业劳务外包选择；正式员工雇佣、薪酬激励、知识技能与能力发展投入；全要素生产率,摘要未给（企业层面）,高,无,无,处理组为社保压力较大的企业，对照组为社保负担较轻的企业；成本驱动与收益驱动两条路径；劳动密集型行业、社保缴费基数负担较大地区和社保征管强度较高地区更明显,,
社保,SB,SB-022,社会保险费强征管如何影响就业机会,赵颖,经济学(季刊),2025(6),冲击回归,社会保险费征收机构移交税务部门（社保强征管）,约2019（常识）,分批试点或分地区推开,摘要未给,就业机会,企业招聘的就业机会；在位企业社保缴费负担、新进入企业数量；内部/外部劳动力市场社保合规性,某大型网站2017—2019年企业招聘数据,高,无,无,机制为在位企业社保缴费负担增加与新进入企业数量减少；就业机会减少具有普遍性，不存在各维度替代；企业提高内部劳动力市场社保合规性、降低外部劳动力市场社保合规性,,
社保,SB,SB-023,平台缴费、新业态人员参保与财政责任——基于基本养老保险制度的分析,边恕,财政研究,2025(6),模型模拟,平台缴费责任回归（不同平台缴费比例方案）,无（模拟情景）,无,结构模型,新业态人员参保与财政责任,新业态人员参保率；基本养老保险财政责任（减负现值）；平台负担（模拟）,摘要未给（精算模型）,高,新就业形态；新业态；社保可持续,无,精算模型；平台缴费比例越高财政减负越多；财政责任减负现值呈倒U型；减负来自新业态参保率提高带来的保费收入与退休高峰滞后,,
社保,SB,SB-024,理解要素宏观和微观替代弹性的差异：基于行业和政策影响的视角,崔小勇,经济研究,2025(6),测度,资本—劳动替代弹性（测度对象）；以2019年社会保险费率调整为政策示例,2019,无,无,要素宏观与微观替代弹性差异（及要素份额）,制造业与生产性服务业微观、宏观资本—劳动替代弹性；政策引起的劳动收入份额变化,2016—2020年税收调查数据,高,初次分配,制造业宏观替代弹性约1.5；2019年社保费率下降使制造业、生产性服务业劳动收入份额分别上升6.47和1.45个百分点,先估计微观弹性再测算宏观弹性及政策影响；微观层面资本与劳动互补，宏观层面制造业为替代；生产性服务业2018年起呈弱替代；政策削弱资本对劳动的替代性,,
社保,SB,SB-025,从管制到流动：要素市场化配置与资本跨区域流动,李逸飞,财贸经济,2025(6),冲击回归,城市户籍制度改革（劳动力要素市场化配置政策）,摘要未给,分批试点或分地区推开,摘要未给,资本跨区域流动,企业异地子公司数量；企业绩效与利润、劳动收入份额、社保缴费水平,手工收集城市户籍制度改革数据＋微观企业匹配数据,中,要素市场化配置；高质量发展,无,机制为改革城市劳动力更充足、雇佣总成本更高、资本劳动比更低，导致异地投资增加；流动人口占比与户籍门槛高、低技能劳动力多的地区以及非国有、劳动密集、高利润企业更明显；改革还提高企业劳动收入份额与社保缴费水平,,
社保,SB,SB-026,关于完善社会保险费征收模式的思考,刘建民,税务研究,2025(5),阐释综述,—,—,—,—,—,—,—,—,无,—,—,,
社保,SB,SB-027,缩短社保落户年限提高了企业社保缴费水平,陈斌,经济学(季刊),2025(4),冲击回归,缩短城市落户所需的社保缴纳年限,摘要未给,分批试点或分地区推开,摘要未给,企业社保缴费水平,企业社保缴费水平；员工参保意愿；劳动力稳定性与产出,摘要未给（企业层面）,高,无,无,摘要未写明识别设计，A类型按城市层面政策记；机制为强化员工参保意愿；更看重员工发展、劳动密集度更高的企业及基础教育水平更高的地区影响更突出,,
社保,SB,SB-028,行政诉讼跨区划管辖与企业社保遵从,潘越,中国工业经济,2025(4),冲击回归,行政诉讼跨区划管辖改革（司法审判改革）,摘要未给,分批试点或分地区推开,摘要未给,企业社保遵从,企业社保遵从（具体指标摘要未给）；地方人社局被诉与败诉概率,摘要未给（企业层面）,摘要无法判断,无,无,"原文称""准自然实验""；机制为提高地方人社局因执法不力被诉和败诉的概率，促使其积极行使监察权；缺少执法激励的地区，以及劳动者维权意识、议价能力更强或企业保护劳动者权益意识较差时效果更明显",,
社保,SB,SB-029,关于完善社会保险费滞纳金制度的建议,国家税务总局社会保险费司课题组,税务研究,2025(4),阐释综述,—,—,—,—,—,—,—,—,无,—,—,,
社保,SB,SB-030,社会保险费滞纳金管理问题探析,陈金林,税务研究,2025(4),阐释综述,—,—,—,—,—,—,—,—,无,—,—,,
社保,SB,SB-031,中国企业社保缴费遵从的测算与分析,曹斯蔚,管理世界,2025(3),测度,企业社保缴费遵从（法定费率与实际费率之差，测度对象）,无,无,无,中国企业社保缴费遵从,缴纳社保的企业占比；社保缴费遵从度（实际费率相对法定费率）；企业间社保负担不平等；遵从度动态分解,地级市法定费率文件＋全国税收调查数据（2007—2020年）,高,无,缴纳社保企业占比64.66%；社保缴费遵从度51.30%,遵从度呈上升趋势，在2011年《社会保险法》和2019年《降低社会保险费率综合方案》实施后显著提高；企业间负担不平等主要源于遵从度差异，法定费率差异贡献较小；动态分解显示变化主要来自在位企业遵从度提高,,
社保,SB,SB-032,城乡居民养老保险最优收益选择与现实偏离,熊景维,管理世界,2025(3),测度,城乡居民养老保险制度激励（首保年龄、缴费档次、缴费年限下的净收益结构）,无,无,无,城乡居民养老保险最优收益选择与现实偏离,精算的养老金净收益；实际参保—缴费选择与最优选择的偏离（缴费年限、净收益）,精算模型＋CHARLS2018、CHFS2017,高,无,首保年龄每推迟5年养老金净收益约+10%；短缴偏离发生比例93%、平均5年,"精算模型测度；制度激励不良诱导""低筹资、低保障""；""少缴短缴晚缴""源于追求养老金净收益最优的选择；越早参保的居民偏离最优收益越远；高档次参保者延长缴费有潜在福利改进",,
社保,SB,SB-033,2024年税收征管研究综述,徐丽萍,税务研究,2025(3),阐释综述,—,—,—,—,—,—,—,—,中国式现代化；十四五；数字经济,—,—,,
社保,SB,SB-034,房价变动、资产配置与居民健康,高明,金融研究,2025(2),其他实证,房价变动,无,连续变量（非冲击）,摘要未给,居民健康（及资产配置）,个体健康水平（具体指标摘要未给）；健康投资的支付能力与支付意愿,中国家庭追踪调查（CFPS）,摘要无法判断,无,无,"另构建含内生住房与健康决策的生命周期模型并用家庭数据校准，定量分析房价增长率与波动率的长期影响，影响呈非线性；与社保的关联为医保基金""紧平衡""背景",,
社保,SB,SB-035,养老金“二十年连涨”激励相容机制的历史考察与政策建议,郑秉文,财政研究,2025(2),测度,城镇企业职工养老金待遇调整政策（调待指标的激励性权重，测度对象）,约2005（常识）,无,无,养老金待遇调整的激励相容机制,31个省级行政区4个年份调待方案的激励性指标权重,20年调待政策文件,高,延迟退休；社保可持续,各地激励性指标权重平均值由35%增至59%,"基于调待指标设计激励性权重评估模型；激励相容机制分初创、完善、成熟三阶段；完善主要得益于挂钩调整权重增长；""二十年连涨""起始年为常识判断",,
社保,SB,SB-036,企业职工基本养老保险统筹级次与劳动力回流——来自中国家庭金融调查（CHFS）的证据,汤玉刚,财政研究,2025(2),冲击回归,企业职工基本养老保险省级统筹改革,摘要未给,分批试点或分地区推开,DID（类型摘要未给）,劳动力回流,劳动力省内回流概率；回流地选择,中国家庭金融调查（CHFS）,高,全国统筹；统一大市场,无,以省内迁移与省际迁移的空间差异构建双重差分；效应具有个体异质性；更倾向回流到户籍地所在市的建制镇；跨省回流者仍面临较高的养老金流动性损失,,
社保,SB,SB-037,个人养老金税收优惠政策的优化与模拟,刘柏惠,财政研究,2025(1),模型模拟,个人养老金税收优惠方案（现行EET与不返还税收抵免、可返还税收抵免、负所得税方案）,约2022（常识）,无,结构模型,个人养老金税收优惠的收入分配效应,再分配效应（垂直效应、水平效应、再排序效应）；政策成本,中国家庭金融调查（CHFS）,高,无,无,"UL方法微观模拟；现行方案在三方面均对收入分配有负面影响，垂直效应主导；可返还税收抵免使再分配效应由负转正；负所得税方案成本较低；背景为账户""开而不缴""",,
社保,SB,SB-038,养老保险省级统筹与劳动力省内流动：理论与实证,汪伟,金融研究,2024(12),冲击回归,养老保险省级统筹改革（调剂金模式与统收统支模式）,摘要未给,分批试点或分地区推开,摘要未给,劳动力省内流动,劳动力省内流动概率,摘要未给,高,全国统筹,无,理论上同时刻画权益可携带性（促流动）与缴费率趋同、工资差异缩小（抑流动）两种机制，后者略强但流动概率未明显下降；统收统支模式影响更明显；可携带性对年长者、工资差异对年轻者影响更大,,
社保,SB,SB-039,减税还是降费——基于长期资本积累和代际公平的视角,李时宇,财贸经济,2024(12),模型模拟,降低养老保险企业缴费率与降低增值税税率（同规模比较）,无（模拟情景）,无,结构模型,长期资本积累与代际公平,长期资本积累与产出；各代际福利（数值模拟）,中国数据参数校准（具体摘要未给）,高,减税降费；供给侧结构性改革,无,世代交叠模型；降费比同规模减税更大幅提高长期产出；减税更利于当代老年人，降费更利于当代年轻人和未来代人,,
社保,SB,SB-040,征收职责划转后进一步提升基层税费征管质效的思考,魏志凌,税务研究,2024(12),阐释综述,—,—,—,—,—,—,—,—,无,—,—,,
社保,SB,SB-041,社会保险费征管体制改革与企业纳税遵从,何娜,税务研究,2024(11),冲击回归,社会保险费征管职责由社保经办机构移交税务部门（征管体制改革）,约2019（常识）,分批试点或分地区推开,摘要未给,企业纳税遵从,企业纳税遵从度（具体指标摘要未给）,沪深A股非金融上市企业,摘要无法判断,无,企业纳税遵从度平均值提升12.7%,机制为税务部门新获取企业人力资源数据信息、增强税收治理能力,,
社保,SB,SB-042,数字经济发展与非正规就业群体养老保险参与,吴雨桐,财政研究,2024(9),其他实证,城市数字经济发展,无,连续变量（非冲击）,摘要未给,非正规就业群体养老保险参与,非正规就业群体参保概率；参保种类选择,中国劳动力动态调查（CLDS）2012—2018年四轮,高,数字经济,无,机制为收入改善效应；第一、三产业从业者、低技能者、赡养负担较轻者效果更显著；技能收入分化影响参保种类选择；数字技术促进社保监督的社会参与可提高参保积极性,,
社保,SB,SB-043,社会保险缴费负担与企业机器人应用,陈勇兵,数量经济技术经济研究,2024(9),冲击回归,2011年《社会保险法》实施（高劳动密集度行业企业相对于低劳动密集度行业企业）,2011,全国统一政策,DID（类型摘要未给）,企业机器人应用,企业机器人应用（具体口径摘要未给）；劳动力相对价格、雇佣、固定资产投资、雇佣稳定性、培训经费,中国工业企业数据＋中国海关数据（2005—2013年）,摘要无法判断,无,无,机制为要素替代与劳动力流转效应，而非流动性约束效应；成本转嫁能力弱、以规模扩张和高质量产品为目的、融资约束程度高的企业更明显,,
社保,SB,SB-044,践行“税费皆重”理念构建征管新格局的思考——基于国家税务总局广东省税务局税费一体化征管实践的调查,国家税务总局广东省税务局调研组,税务研究,2024(8),阐释综述,—,—,—,—,—,—,—,—,税费皆重,—,—,,
社保,SB,SB-045,企业社保减负的就业结构优化与居民消费提振效应,徐舒,管理世界,2024(7),模型模拟,2019年《降低社会保险费率综合方案》下调社保缴费基数（反事实：取消缴费基数下限）,2019,无,结构模型,就业结构优化与居民消费提振,城镇居民生命周期消费；消费不平等；正规部门就业比重（模型）,摘要未给（模型量化）,高,提振消费；扩大内需,生命周期消费+4.43%；取消缴费基数下限可使家庭消费+7.52%、生命周期消费不平等−5.3%,扩展的两部门生命周期模型；机制为正规部门劳动需求增长→就业结构调整→工资与家庭养老金财富增长、收入风险下降→消费增加；低收入家庭单纯从预算约束下降中获益有限,,
社保,SB,SB-046,养老金税收制度：美、日、韩的经验与启示,马晓涵,税务研究,2024(7),阐释综述,—,—,—,—,—,—,—,—,无,—,—,,
社保,SB,SB-047,健全自然人税费服务与监管体系的思考,王国强,税务研究,2024(7),阐释综述,—,—,—,—,—,—,—,—,无,—,—,,
社保,SB,SB-048,个税减免与企业薪酬策略,唐珏,管理世界,2024(5),冲击回归,2018年个人所得税改革（个税减免）,2018,全国统一政策,强度DID,企业薪酬策略,企业薪酬增长率（工资和奖金等应税薪酬；基本养老保险、医疗保险、年金等非应税薪酬）,上市公司数据,高,无,无,企业通过下调薪酬增长率分享个税减免红利；劳动供给弹性小、需求弹性大组更明显；融资约束高、业务发展快、劳动密集型组下降更大；基本养老保险、医疗保险和年金等非应税薪酬增长率无显著变化,,
社保,SB,SB-049,累退的缴费，累进的收益——养老保险体系的收入分配效应,宁磊,经济学(季刊),2024(4),模型模拟,养老保险缴费基准（缴费基数）下限（反事实：降低下限）,无（模拟情景）,无,结构模型,养老保险体系的收入分配效应,"缴费端累退性与收益端累进性（CHFS典型事实）；模拟的参保意愿、缴费负担、""逆向调节""、总消费与总产出",中国家庭金融调查（CHFS）＋中国数据校准,高,无,无,"不完全市场异质性个体模型；降低缴费基准下限可提高参保意愿、降低整体缴费负担、削弱养老金""逆向调节""、利好中低收入与中低财富群体",,
社保,SB,SB-050,医保报销待遇与患者异地就医选择——基于空间距离、医院等级和医保待遇的分析,陈昕欣,数量经济技术经济研究,2024(4),其他实证,医保报销待遇（患者预期自付比例）、就医距离、医院等级,无,连续变量（非冲击）,结构模型,患者异地就医选择,患者就医医院选择；距离支付意愿,某医疗资源匮乏地区肿瘤患者医保报销数据,高,无,无,离散选择模型；重症患者更愿前往省会城市三级医院、距离支付意愿更高；医保待遇提升使重症患者距离支付意愿显著上升；农村重症患者距离支付意愿较低但对报销待遇变化更敏感,,
社保,SB,SB-051,社保费征管、市场势力与企业负担——基于社保移交税务征管的研究,黄叙涵,财贸经济,2024(3),冲击回归,2018年《国税地税征管体制改革方案》出台（社保费征管移交税务部门）,2018,全国统一政策,事件研究,企业负担（盈利空间）,改革信息发布后的企业股价/市场价值变动,摘要未给（企业股价）,低,社保可持续,无,以方案发布为事件；构建社保费征管经济归宿理论模型；劳动密集型、低社保缴纳遵从度、产品市场势力小和劳动力市场势力小的企业市值下跌更明显,,
社保,SB,SB-052,企业年金与家庭经济决策,刘宏,金融研究,2024(2),其他实证,参加企业年金,无,连续变量（非冲击）,工具变量,家庭经济决策,家庭当期消费支出；储蓄率；持有风险金融资产的概率与价值,中国家庭追踪调查（CFPS）2012—2020年五期,高,多层次养老保险体系,无,固定效应面板模型与工具变量回归；对当期消费与储蓄率无显著影响，提高风险金融资产持有；受教育程度较高与有房家庭更明显；机制为预期老年收入风险降低与金融素养提高,,
社保,SB,SB-053,机关事业单位养老保险改革的福利效应：不确定性与消费的视角,田文文,经济研究,2024(2),冲击回归,2015年机关事业单位养老保险改革,2015,全国统一政策,DID（类型摘要未给）,机关事业单位养老保险改革的福利效应,"过渡期内外""中人""的消费",中国家庭收入调查（CHIP）,中,无,无,摘要提及平行趋势检验，故记为DID；理论模型：待遇水平提高降低储蓄、不确定性提高增加储蓄；改革使过渡期外中人消费降低；增量改革未完全抵消不确定性增加带来的消费抑制,,
社保,SB,SB-054,三重目标约束下的进口药品费用：药价改革中的结构调整与改进优化,袁雪丹,管理世界,2024(2),其他实证,药品进口的科技性、公共性、资本性三重目标（测度指标）,无,连续变量（非冲击）,一般回归,进口药品费用,进口药品费用与价格；三重目标耦合协调度,摘要未给,高,无,三重目标耦合协调度由2016年0.9074降至2018年0.2995,嵌入三重目标的药品进口贸易引力模型与优化的特征价格模型；费用增长方向与资本性目标一致，公共性目标不利于进口贸易增长，科技性目标基本不起作用；公共性目标导向政策的降价效果受市场竞争程度影响；与社保的关联为医保基金负担,,
社保,SB,SB-055,价值医疗视角下的医保门诊共济保障与居民健康,刘宏,管理世界,2024(2),冲击回归,职工医保门诊共济改革（2011—2018年部分城市先行实施）,2011—2018（部分城市先行）,分批试点或分地区推开,多期DID,居民健康（中老年职工健康）,中老年职工健康（具体指标摘要未给）；门诊就医概率、基层门诊服务利用与健康预防行为；住院患者年住院次数与次均住院费用,中国健康与养老追踪调查（CHARLS）,摘要无法判断,高质量发展；社保可持续,无,原文为动态双重差分；健康在中长期显著改善，退休职工与低学历职工收益更大；机制为门诊就医概率提高、基层门诊服务利用与健康预防行为增加,,
社保,SB,SB-056,省级统筹对养老保险覆盖面的影响,蔡伟贤,财政研究,2024(2),冲击回归,养老保险省级统筹改革,摘要未给,分批试点或分地区推开,摘要未给,养老保险覆盖面,养老保险覆盖面（具体指标摘要未给）；养老保险供给与需求,摘要未给,摘要无法判断,社保可持续；全国统筹,无,监管强度高、城投债规模小、劳动保护环境好的地方效应更显著；更低的养老保险成本与明确的责任分担机制使供给提高更多；主要提高流动诉求更高职工的需求,,
社保,SB,SB-057,延迟退休意愿、医疗服务利用与健康收益,朱铭来,经济学(季刊),2024(1),其他实证,延迟退休意愿,无,连续变量（非冲击）,断点,医疗服务利用与健康收益,退休前后医疗服务利用（医疗消费）；个体健康收益（具体指标摘要未给）,摘要未给,摘要无法判断,延迟退休,无,模糊断点回归，另用工具变量法；背景为延迟退休政策尚未全面实施、强制退休仍起作用；有延迟意愿个体退休前后医疗消费平滑过渡，源于提前进行健康投资；延迟退休意愿有医疗控费效果,,
社保,SB,SB-058,促就业与稳增长：养老保险缴费率的视角,崔小勇,经济研究,2024(1),冲击回归,2019年养老保险政策缴费率下调,2019,全国统一政策,摘要未给,促就业与稳增长（宏观就业与产出）,宏观就业、宏观产出与宏观全要素生产率；企业实际社保缴费率、劳动力成本、员工工资、雇佣与产出规模,全国税收调查数据（2016—2020年）,高,促就业；稳增长,宏观就业约+5.1%；宏观产出约+11.4%；宏观全要素生产率约+2.4%,"原文称""准自然实验""；激励效应与配置效应两机制，宏观增长主要来自配置效应；制造业与中东部地区两效应同时显著；TFP增长主要来自地区—行业内配置效率改进",,
社保,SB,SB-059,何以缩小城镇职工和城乡居民养老金待遇鸿沟？——基于共同富裕背景的实证分析,曾益,财政研究,2024(1),模型模拟,提高城乡居民养老金待遇方案（按农村居民、城乡居民、城镇居民人均可支配收入一定比例核定）,无（模拟情景）,无,结构模型,城镇职工与城乡居民养老金待遇差距及财政负担,城乡居民养老金待遇的共同富裕水平；养老保险财政负担（模拟）,宏微观数据（具体摘要未给）,高,共同富裕；延迟退休,背景数据：2022年城乡居民养老金待遇2456.27元/人·年，为城镇职工的5.68%,精算模型；在扩大覆盖面并延迟退休年龄的条件下，以农村居民人均可支配收入的30%或城乡居民人均可支配收入的50%核定城乡居民养老金，可兼顾待遇水平与财政负担,,
社保,SB,SB-060,关于进一步提升社会保险费征收效率的几点建议,刘建徽,税务研究,2024(1),阐释综述,—,—,—,—,—,—,—,—,税收治理现代化,—,—,,
社保,SB,SB-061,健全税费联动征管服务机制的思考——基于浙江实践的调研,徐敏俊,税务研究,2024(1),阐释综述,—,—,—,—,—,—,—,—,税费皆重；中国式现代化,—,—,,
社保,SB,SB-062,门诊待遇非线性定价与住院率——来自城乡居民基本医保的证据,王贞,经济研究,2023(12),冲击回归,达到门诊报销封顶线（门诊待遇非线性定价）,无（个体层面事件）,其他（个体达到门诊报销封顶线）,事件研究,住院率,住院概率；住院次数与住院天数,典型城市2013—2017年城乡居民医保报销数据,高,无,达到门诊封顶线后住院概率+77个百分点；住院次数+16%、住院天数+23%,另用群聚估计：若取消门诊封顶线，节约的住院医保支出大于门诊医保支出增加；主要为年龄较大者去二级及以下医院住院替代门诊,,
社保,SB,SB-063,企业社保缴费负担与劳动收入份额：理论分析与经验证据,张子尧,世界经济,2023(12),冲击回归,2011年《中华人民共和国社会保险法》颁布实施（企业社保缴费负担加重）,2011,全国统一政策,DID（类型摘要未给）,劳动收入份额,企业劳动收入份额；小微与低工资企业员工的就业和工资,摘要未给（企业层面）,高,共同富裕,无,理论上三条途径：资本和劳动替代（互补）、产品市场垄断力量、劳动力市场垄断力量；负面影响主要来自企业两类市场垄断力量提升；制造业、小微企业及低工资企业受影响更明显,,
社保,SB,SB-064,延迟退休、隔代照料与经济增长,耿志祥,金融研究,2023(11),模型模拟,延迟退休（模型参数）,无（模拟情景）,无,无,经济增长（经由生育率与隔代照料）,生育率；年轻人劳动供给与工资；子女教育投入；长期经济增长（模型）,无（理论模型＋数值模拟）,高,延迟退休；人口老龄化；社保可持续,无,拓展的代际联系王朝家庭模型；收入效应（遗赠增加提高生育）与隔代照料效应（照料时间减少降低生育）方向相反；数值模拟显示年轻人劳动供给降幅有限；建议实施隔代照料支持政策,,
社保,SB,SB-065,养老保险缴费、公共服务提供与灵活就业人员定居意愿,何炜,财政研究,2023(11),其他实证,城镇职工基本养老保险最低缴费金额（流入地）,无,连续变量（非冲击）,摘要未给,灵活就业人员定居意愿,灵活就业人员（流动人口）定居意愿,摘要未给,高,新业态；市民化,无,非线性影响；流入地公共服务为机制；居住证政策实施后影响减弱；财政压力较大地区更显著；排他性较强的公共品供给减弱、外部性较强的公共品供给增强该影响,,
社保,SB,SB-066,县级税务机关在推进税收现代化中的税费征收监管资源优化——基于国家税务总局莒县税务局的调查,王国强,税务研究,2023(11),阐释综述,—,—,—,—,—,—,—,—,税收现代化；高质量发展,—,—,,
社保,SB,SB-067,“退休—医疗服务波动”之谜的形成机理与破解路径——基于制度联系视角的理论及实证分析,于新亮,管理世界,2023(10),冲击回归,临近法定退休年龄引致的员工激励方式转变（晋升激励失效、绩效工资激励尚存）,摘要未给,全国统一政策,断点,退休前后医疗服务利用波动,医疗服务利用；员工晋升概率,摘要未给,高,无,无,模糊断点回归，断点来源为法定退休年龄；医疗服务利用在退休年龄前断点式下降、退休后上升；工资与养老金待遇挂钩促使退休前抑制医疗服务利用,,
社保,SB,SB-068,社保缴费的转嫁效应与劳动力市场再分配,张克中,管理世界,2023(9),冲击回归,21世纪初省级养老保险征收机构变更（规范化改革）,21世纪初（摘要原文）,分批试点或分地区推开,摘要未给,社保缴费转嫁与劳动力市场再分配,企业实际社保缴费率；员工工资；企业雇佣人数；不同技能员工的就业与工资,摘要未给（企业层面）,高,共同富裕,无,另一冲击为2011年《社会保险法》颁布（法制化改革）；两次改革均提高实际缴费率，规范化改革负担由企业承担并减少雇佣，法制化改革由员工与企业共同承担；法制化改革中低技能员工工资受冲击更大；机制为工资刚性与缴费凸显性,,
社保,SB,SB-069,延迟退休、隔代照料与青年人就业,邹铁钉,数量经济技术经济研究,2023(9),模型模拟,延迟退休（力度，模型参数）,无（模拟情景）,无,无,青年人就业,青年人就业意愿、就业能力、就业机会（模型）,无（理论模型）,高,延迟退休,无,含隔代照料文化、干中学效应与人力资本代际传递的OLG模型；就业能力呈倒U型，就业意愿与就业机会总体下降；现收现付制下就业意愿与机会高于基金制，基金制下就业能力更高,,
社保,SB,SB-070,日本第三支柱养老金税收政策经验与借鉴,张译文,税务研究,2023(8),阐释综述,—,—,—,—,—,—,—,—,第三支柱,—,—,,
社保,SB,SB-071,社保缴费对劳动力就业、工资和家庭储蓄的影响,何凡,世界经济,2023(7),冲击回归,《社会保险法》实施,约2011（常识）,全国统一政策,摘要未给,劳动力就业、工资和家庭储蓄,企业与劳动力社保缴费；就业（失业）；工资；家庭储蓄率；养老财富积累,城镇住户月度面板调查数据,高,无,家庭储蓄率−0.9个百分点；在职劳动力以降低工资形式承担至少一半公司社保缴费,未导致劳动力失业；提高养老账户储蓄水平、促进总体养老财富积累；机制为社保缴费收益凸显性较高,,
社保,SB,SB-072,社保降费如何惠企利民:分担机制与缴费归宿,徐舒,世界经济,2023(7),其他实证,各地区社保缴费基数下限差异,无,地区强度差异,摘要未给,社保降费的收益分享（缴费归宿）,降费收益在企业与劳动者间的分配（产品价格渠道与工资渠道的充分统计量）,摘要未给,高,减税降费,无,理论模型将社保缴费归宿表达为可估计的充分统计量；劳动者获得降费的主要收益，价格渠道在福利改善中占主要地位,,
社保,SB,SB-073,异地就医门诊直接结算政策对医保基金支出的影响,吕思诺,金融研究,2023(7),冲击回归,异地就医门诊直接结算政策,摘要未给,分批试点或分地区推开,断点,医保基金支出,异地与本地门诊和住院就诊次数；医疗支出；医保基金支出；患者个人负担,长三角某三线城市城镇职工医保报销数据,高,无,无,异地门诊就诊人次增加，但总就诊次数、医疗支出、医保基金支出与患者个人负担下降；开通前存在用异地住院替代异地门诊；健康需求与社会经济地位较高者影响更显著；未虹吸本地轻症患者,,
社保,SB,SB-074,养老保险缴费基数限额、收入不平等与社会福利,汪伟,经济学(季刊),2023(6),模型模拟,养老保险缴费基数限额（上下限）,无,无,摘要未给,收入不平等与社会福利,工资收入差距、缴费后可支配收入差距、养老金差距、代际收入差距；短期与长期社会福利,摘要未给,高,无,无,摘要未写明方法，依短期/长期福利与储蓄—教育决策等表述归为模型模拟；限额使收入不平等短期下降、长期上升；适当调低下限并调高上限可降低不平等并增进福利,,
社保,SB,SB-075,卫生支出结构、个人健康投资与居民福利,王树森,经济研究,2023(6),模型模拟,政府预防性支出占比；医疗保险报销比例（政策参数）,无（模拟情景）,无,结构模型,个人健康投资与居民福利,个人健康投资；居民健康与福利；卫生总费用占GDP比重；医保基金财政依赖程度；社会总消费（模拟）,摘要未给（模型数值模拟）,高,健康中国,无,两部门世代交叠模型；适度提高政府预防性支出占比改善健康与福利，并降低卫生总费用占比与医保基金财政依赖程度；提高报销比例的负向激励占主导，个人健康投资随报销比例上升而下降,,
社保,SB,SB-076,树牢税费皆重理念  提升社保非税征管质效,王利敏,税务研究,2023(6),阐释综述,—,—,—,—,—,—,—,—,税费皆重,—,—,,
社保,SB,SB-077,社会保险费率调整：政策效应、现实问题与优化建议,张奇林,税务研究,2023(5),阐释综述,—,—,—,—,—,—,—,—,减税降费；供给侧结构性改革；高质量发展,—,—,,
社保,SB,SB-078,财政养老转移支付、人口城镇化与养老保险均衡发展——基于养老人口红利均衡配置视角,穆怀中,财政研究,2023(4),模型模拟,财政养老转移支付（人口城镇化养老人口红利向城乡居民养老保险配置）,无（模拟情景）,无,结构模型,养老保险均衡发展（城乡居民与城镇职工给付差距）,养老人口红利系数；城乡居民养老保险水平；城乡居民养老金替代率；城镇职工与城乡居民养老保险均衡系数（测算）,摘要未给,高,无,2020年养老人口红利系数0.75；城乡居民养老保险水平可提高20.45%；2035年城乡居民养老金替代率可达30.1%、均衡系数52.9%,结合农村土地养老资源、财政普惠型养老金与养老人口红利财政转移支付测算；理论上养老人口红利向城乡居民养老保险均衡配置具有结构优化效应,,
社保,SB,SB-079,社会保障项目之间的相互作用：新型农村社会养老保险对医疗保险的挤出,张川川,经济学(季刊),2023(3),冲击回归,新型农村社会养老保险（新农保）实施,约2009（常识）,分批试点或分地区推开,摘要未给,医疗保险参与（新农合参保）,是否参加新型农村合作医疗,摘要未给,高,无,养老金领取人口参加新农合概率−15.4%，参保缴费人口−10.8%,理论模型指出养老保险通过收入效应、健康效应和风险效应三个渠道影响医疗保险参与决策,,
社保,SB,SB-080,累退社会保险缴费率、流动性约束与低收入家庭消费,徐舒,中国工业经济,2023(3),模型模拟,2019年《降低社会保险费率综合方案》降低社会保险缴费基数,2019,无,结构模型,低收入家庭消费,家庭消费（广延边界：社保覆盖率与预防性储蓄；集约边界：低收入家庭实际社保缴费率与可支配收入）；消费差距,摘要未给,高,减税降费；扩内需；促消费,广延边界家庭消费+1.39个百分点；低收入家庭实际缴费率−3.13—5.34个百分点、消费+0.79—1.19个百分点；整体家庭消费+2.18—2.58个百分点；低收入与中高收入家庭消费差距−3.41—4.79个百分点,消费增长分解框架；缴费基数上下限使个人实际缴费率累退，增加低收入家庭流动性约束,,
社保,SB,SB-081,走向共同富裕：再分配政策对收入分布的影响分析,唐高洁,经济研究,2023(3),测度,城乡居民基本养老保险与公共转移支付政策变化（2010—2018年）,无,无,无,收入分布（收入分配差距）,中低收入家庭收入增长率；收入分配差距（反事实分解）,微观数据（具体摘要未给）,高,共同富裕,无,反事实分解模型；居民养老保险的再分配效果主要来自覆盖面扩大，其次为养老金水平提高；转移支付效果来自瞄准改善与支付水平提升；政策模拟显示提高覆盖面比增加给付水平再分配效果更强,,
社保,SB,SB-082,下调养老保险单位缴费比例政策效果评估——收入、就业、劳动力供给和劳动力需求,吴晓瑜,经济学(季刊),2023(2),冲击回归,2016年全国统一下调养老保险单位缴费比例,2016,全国统一政策,DID（类型摘要未给）,收入、就业、劳动力供给和劳动力需求,工资；就业；劳动力供给；劳动力需求,地级市层面缴费比例数据＋中国家庭金融调查（CHFS）2011—2017年,高,无,无,先用地级市缴费比例与CHFS分析缴费比例变化的影响，再以2016年全国统一下调建立双重差分模型；缴费比例下降带来工资与就业上升，劳动力供给与需求均增加,,
社保,SB,SB-083,城镇职工退休对医疗服务利用和医药费用的影响,付明卫,经济研究,2023(2),冲击回归,城镇职工退休（法定退休年龄断点，按日度量年龄为配置变量）,摘要未给,全国统一政策,断点,医疗服务利用和医药费用,住院次数；住院天数；次均住院费用,城镇职工基本医疗保险住院患者报销明细数据,高,延迟退休,次均住院费用−16.5%,住院次数与天数无显著变化；费用下降源于健康改善或支付能力下降，而非医生选择低自付方案；公共部门与男职工下降，民营部门与女职工未下降,,
社保,SB,SB-084,社保费征管与企业内部收入分配,何凡,财政研究,2023(2),冲击回归,2011年《社会保险法》实施（社保费征管加强）,2011,全国统一政策,强度DID,企业内部收入分配,企业实际社保缴费率；普通员工与管理层员工工资；企业内部收入差距,摘要未给（企业层面）,高,无,无,"原文称""广义双重差分""，记为强度DID；只降低普通员工工资、不影响管理层工资；机制为不同类别员工议价能力差异；民营、融资约束较大、非税务局征收社保费和劳动保护较弱地区的企业受影响更大",,
社保,SB,SB-085,税制扭曲对企业社保缴费的影响——基于增值税留抵的研究,赵仁杰,数量经济技术经济研究,2023(2),其他实证,增值税留抵（期初留抵税款占现金流比重）,无,连续变量（非冲击）,摘要未给,企业社保缴费,企业社保实际缴费率；参保率；社保缴费遵从度；缴费基数,全国税收调查数据（2008—2015年）,高,党的二十大；公平统一；多层次社会保障体系；社保可持续；人口老龄化,无,另发现留抵退税政策有助于提升企业社保缴费水平；小企业、民营企业和劳动密集型企业更明显；社保机构征收和社保收支责任越小的地区越明显；机制为现金流压力→降低缴费基数、外购劳务服务与加大商品关联销售,,
社保,SB,SB-086,社会养老保险、家庭隔代抚养与老年人健康,余靖雯,经济学(季刊),2023(1),冲击回归,新农保养老金领取,约2009（常识）,分批试点或分地区推开,摘要未给,家庭隔代抚养与老年人健康,老年人隔代抚养参与率；与子女同居、子女经济支持；抑郁水平,摘要未给,中,无,无,"女性老年人与孙辈较多者负向影响更明显；机制为代际联系弱化（减少与子女同居、挤出子女经济支持）；隔代抚养提高抑郁水平，领取养老金可减弱该负面作用；""健康""以抑郁水平衡量",,
社保,SB,SB-087,统一大市场建设：养老保险省级统筹与劳动力市场一体化,黄永颖,数量经济技术经济研究,2023(1),冲击回归,21世纪初养老保险省级统筹,21世纪初（摘要原文）,分批试点或分地区推开,摘要未给,劳动力市场一体化,地级市之间劳动力市场一体化水平（具体指标摘要未给）；要素资源错配程度,摘要未给（地级市层面）,摘要无法判断,统一大市场；全国统筹；高质量发展；社保可持续；双循环（新发展格局）,统筹省份要素资源错配程度比未统筹省份低3.5%,机制为减少地级市间养老保险政策差异与改善劳动力跨地市流动；养老保险基金压力小、外来劳动力占比高的省份促进作用更明显,,
社保,SB,SB-088,养老保险基金财政压力的化解路径研究——基于余缺调剂的全国统筹制度实施背景,曾益,财政研究,2023(1),模型模拟,余缺调剂的全国统筹调剂制度及改革情景（扩面、渐进式延迟退休、提高征缴率、划转央企国有资本、上缴累计结余）,2022,无,结构模型,养老保险基金财政压力（全国统筹调剂制度可持续性）,全国统筹调剂制度可持续性；财政责任（五种情景模拟）,摘要未给,高,全国统筹；人口老龄化；延迟退休；社保可持续,无,计量与精算模型；参量改革、划转中央企业国有资本充实社保基金、上缴累计结余协同实施时，调剂制度可持续、财政压力大大减轻,,
社保,SB2,SB2-001,保基本民生视角下退休家庭的生活成本影响研究：需求系统与价格指数,何阳,财贸经济,2026(7),测度,退休前后家庭需求结构与细分消费品价格变动（生活成本测度）；情景模拟：养老金上调,—,连续变量（非冲击）,结构模型（精确仿斯通需求系统＋情景模拟）,退休家庭生活成本（消费福利）,纳入商品替代效应的退休家庭生活成本指数（分支出分位）；养老金上调对消费福利的对冲（模拟）,住户调查（名称摘要未给）＋细分消费价格数据,高,保基本民生；财政可持续性；夯实民生保障底线,2017—2023年样本省市养老金年均上调1.56%～1.86%即可对冲物价上涨、覆盖退休家庭基本消费需求,衣着、交通、医疗等消费结构43岁后出现结构性转变；忽视替代效应会使生活成本指数产生偏差（2009年国际金融危机时替代行为分化）；2019年以来基础民生品涨幅高于享受型消费，中低支出分位退休家庭生活成本上行压力更大,,
社保,SB2,SB2-002,公共养老服务能提振农村老年家庭消费吗,吴子硕,财贸经济,2026(7),冲击回归,民政部和财政部“居家和社区养老服务改革”试点（2016—2020年，用以刻画公共养老服务）,2016,分批试点或分地区推开,多期DID（多时点双重差分）,农村老年家庭消费,农村老年家庭消费；消费结构、消费质量（进一步分析）,CHFS 2015—2023,高,提振农村老年家庭消费；扩大内需；健全社会养老服务体系,无,机制为改善老年人健康、减弱预防性储蓄、照料人增加劳动供给、代际经济向上转移、缩小数字鸿沟；文化程度低、社会网络小的家庭及宗族网络小、医疗可达性低的村庄效应更大；与社会养老经济保障存在协同效应,,
社保,SB2,SB2-003,分级诊疗制度下的医疗控费机制——基于大样本病案数据的研究证据,臧文斌,管理世界,2026(7),其他实证,三级医院当日住院资源占用量（资源宽松程度）,—,连续变量（非冲击）,摘要未给,分级诊疗制度下的医疗控费（机制）,三级医院入院标准（以机器学习识别的入院患者诊疗难度衡量）；基层医疗机构控费功能,某副省级城市2020～2023年病案首页数据（1687.7万条）,中,分级诊疗；医疗控费；医保支付方式,无,另构建医疗卫生机构最优选择理论模型，以医疗大数据＋机器学习识别诊疗难度；资源越宽松三级医院入院标准越低，作者据此建议以基层病组为核心的差异化医保支付,,
社保,SB2,SB2-004,退休与家庭财务脆弱性：理论与经验分析,尹志超,世界经济,2026(6),冲击回归,退休（个体退休事件；模糊断点识别，断点设定摘要未给）,—（个体事件）,全国统一政策,断点（模糊断点回归）,家庭财务脆弱性,家庭财务脆弱性；分项为家庭收入大于预期支出的概率、流动性资产小于非预期支出的概率,摘要未给,高,人口老龄化,无,先构建生命周期模型分析退休对消费和资产配置的影响；低人力资本、低社会资本、低物质资本和高健康风险家庭受影响更大,,
社保,SB2,SB2-005,居家社区养老、健康改善和劳动力市场表现,陈飞,数量经济技术经济研究,2026(6),冲击回归,居家社区养老试点,约2016（常识）,分批试点或分地区推开,普通DID（摘要写“双重差分法”）,低龄老人劳动力市场表现（劳动参与）,低龄老人就业概率、工作时长,CHARLS 2011～2020,高,人口老龄化；积极老龄化战略；延长人口红利；老有所为；健全居家社区养老服务体系,无,机制为提升养老服务可及性→当前健康改善与长期健康维持→劳动参与；仅对农村和就近就业群体有促进作用，高教育群体效应较弱；未挤出家庭社会网络，反而增强子女日常照料投入,,
社保,SB2,SB2-006,基层医疗资源下沉与农村家庭贫困脆弱性——来自紧密型医共体建设的证据,艾爽,金融研究,2026(4),冲击回归,推进紧密型县域医疗卫生共同体（医共体）建设试点（医疗资源下沉基层）,约2019（常识）,分批试点或分地区推开,普通DID（摘要写“双重差分法”）,农村家庭贫困脆弱性,农村家庭贫困脆弱性,CHFS 2015—2023,高,巩固拓展脱贫攻坚成果；推进乡村全面振兴；因病致贫、因病返贫；医疗资源下沉,无,试点地区社区卫生室、诊所、医院及医疗点卫生人员等基层公共医疗资源供给增加；机制为降低家庭健康风险、提升家庭医疗保险参保率、提高医疗支出报销水平；人力、物质、社会资本较低的家庭作用更明显,,
社保,SB2,SB2-007,医保支付改革、道德风险与医疗控费,付亚鹏,管理世界,2026(3),冲击回归,医保按疾病诊断组付费（DRG）与按病种分值付费（DIP）改革,摘要未给,分批试点或分地区推开,群聚（群聚—双重差分，Bunching-DID）,医疗控费（医疗费用与个人负担）、道德风险,人均医疗总费用、患者自付费用；起付线附近费用群聚（策略性费用调整）；医疗机构病例选择,全国医保结算微观数据 2015～2019,高,医保支付方式改革；医疗控费,约5.7%的就诊费用被策略性推高至起付线以上，相关样本人均医疗总费用上升14.3%,起付线诱导费用在门槛右侧群聚而患者自付未显著下降（医患共同的道德风险）；DRG/DIP控费效应呈分布依赖，起付线附近患者自付不降反升并出现病例选择迹象；DIP比DRG更能抑制门槛附近的策略性费用调整,,
社保,SB2,SB2-008,基本医疗保险制度城乡整合的福利价值测算,叶巾祁,经济学(季刊),2026(2),测度,城乡居民医保整合（新型农村合作医疗与城镇居民基本医疗保险整合）,约2016（常识）,分批试点或分地区推开,结构模型（完全信息法、最优化法）,城乡医保整合的福利价值,农村居民对城乡医保整合的支付意愿（结构估计）,摘要未给,高,城乡居民医保整合,农村居民支付意愿最低值在689—825元之间,支付意愿在不同群体中呈现异质性；作者认为可为基本医保筹资方案的精细化精准化调整提供依据,,
社保,SB2,SB2-009,个人缴费标准与居民医保参保率——基于多期随机优化模型的理论分析和实证研究,贾宗穆,经济学(季刊),2026(1),模型模拟,居民医保个人缴费标准上涨,—,连续变量（非冲击）,结构模型（多期随机优化模型＋数值模拟）,居民医保参保率,模拟参保率；老年居民退保；居民总体死亡率,摘要未给,高,无,个人缴费标准超过450元后参保率降到90%以下,在线性遗产函数等假设下，居民“比较预期报销医疗费用与个人缴费”的参保决策是理性的；老年居民存在自发退保，缴费上涨还会使居民总体死亡率上升,,
社保,SB2,SB2-010,医保结构性改革与医疗总费用控制,刘宏,经济研究,2026(1),冲击回归,职工医保门诊共济改革（医保结构性改革；改革城市对比未改革城市）,摘要未给,分批试点或分地区推开,摘要未给（摘要表述为改革城市与未改革城市对比的动态效应）,医疗总费用控制,医院门诊费用、住院费用、医疗总费用；门诊人次、住院人次、次均住院费用；床位扩张,全国公立医院财务数据 2009—2015,高,医保结构性改革；门诊共济；全民健康覆盖；有序就医格局,医疗总费用短期无显著变化、中长期节约约5%（门诊费用短期显著增加、住院费用持续下降）,门诊人次增加、住院人次和次均住院费用双降；门诊报销待遇向退休职工和基层倾斜较多的城市效果更显著；机制为增强医保买方市场势力、引导医院提升门诊能力和住院效率、抑制床位扩张动机,,
社保,SB2,SB2-011,自我效能感、老年人劳动参与决策与二次人口红利提升,胡宏兵,财政研究,2026(1),其他实证,自我效能感（心理资本）,—,连续变量（非冲击）,摘要未给,老年人劳动参与决策；二次人口红利,老年人劳动参与概率、劳动供给时间、预计退休时间；家庭人口结构红利与质量红利,CHARLS,高,二次人口红利；人口老龄化；渐进式延迟法定退休年龄改革,无,构建心理资本视角的劳动决策模型；男性、农村、无需隔代照料或照料时间较短者效应更显著；机制为提高劳动回报和健康水平；二次人口红利以家庭人口结构红利与质量红利衡量（构造摘要未给）,,
社保,SB2,SB2-012,县域医共体建设对医疗服务利用的影响研究——基于某省紧密型县域医共体建设试点的分析,朱凤梅,管理世界,2025(10),冲击回归,加入紧密型县域医共体建设试点（某省；关键词含总额预算付费）,约2019（常识）,分批试点或分地区推开,多期DID（交错双重差分）,医疗服务利用,门诊慢特病患者次均医疗费总额；县级医院门诊服务量、住院天数；基层医院门诊慢特病人数、住院人次；各级医疗机构医保支付额（医保支付结构）；医疗服务质量,某省4地32个县2018～2022年城乡居民医保患者就诊全样本数据（超3000万条）,高,紧密型县域医共体；分级诊疗；总额预算付费；健康守门人,无,县级医院门诊慢特病医保支付下降、基层普通门诊和普通住院医保支付上升，县域医疗服务质量未受影响；机制为控制参保人就诊率、减少分解治疗、重视居民健康体检；各县交错加入，A起始年按全国紧密型医共体试点记,,
社保,SB2,SB2-013,支持养老服务产业发展的税收政策探讨,温来成,税务研究,2025(8),阐释综述,—,—,—,—,—,—,—,—,人口老龄化；人口高质量发展；养老服务产业提质增效,—,—,,
社保,SB2,SB2-014,群聚分析法的理论、应用与新进展：一个概述,冯晨,数量经济技术经济研究,2025(7),阐释综述,—,—,—,—,—,—,—,—,无,—,—,,
社保,SB2,SB2-015,基层首诊政策对患者就医选择和医疗费用的影响,肖楠,世界经济,2025(7),冲击回归,基层首诊政策（扩大基层首诊与越级首诊的医保待遇差距）,摘要未给,分批试点或分地区推开,断点（断点回归—双重差分）,患者就医选择和医疗费用,首诊选择三级医院的概率；对应疗程总费用；流向二级医院和基层机构,医保结算数据（地区与年份摘要未给）,高,分级诊疗；基层首诊；守门人制度；有序就医路径,无,政策只降低61～64岁参保人（尤其慢性病患者）首诊选择三级医院的概率和疗程总费用，未改变未退休群体；机制为扩大医保待遇差距、增加时间成本；政策后患者更多流向二级医院而非基层，基层服务能力弱是主要原因,,
社保,SB2,SB2-016,空间集聚视角下长期护理保险的供方效应——来自养老产业的经验证据,朱铭来,管理世界,2025(6),冲击回归,长期护理保险制度试点,约2016（常识）,分批试点或分地区推开,摘要未给,养老产业空间集聚（长护险供方效应）,养老产业空间集聚（分领域，含养老照护服务）,微观企业数据＋城市统计年鉴,高,积极应对人口老龄化；养老事业与养老产业协同发展；银发经济；增进老年人福祉,无,养老照护服务领域效果明显；机制为需求规模效应和知识溢出效应；保障范围更广、服务补偿类型多元、待遇给付方式灵活的试点方案效应更大,,
社保,SB2,SB2-017,从“养老照护”到“创业赋能”：长期护理保险政策与家庭创业活动,刘一伟,数量经济技术经济研究,2025(6),冲击回归,长期护理保险试点政策,约2016（常识）,分批试点或分地区推开,普通DID（摘要写“双重差分法”）,家庭创业活动,家庭创业意愿、创业收益；生存型创业；创业动态性,CFPS 2012—2020,高,应对老龄化；经济高质量发展,无,机制为减轻照料时间压力、提高家庭风险偏好、促进家庭资产积累；主要激励生存型创业；有其他劳动力在职、老年父母逆反哺的家庭效应更显著,,
社保,SB2,SB2-018,长期护理保险制度中的失能群体结构性变化——基于某副省级城市的试点证据,吴舒祥,经济学(季刊),2025(5),测度,长期护理保险试点推进（试点第1—4年）；失智群体纳入照护支持范围,2017,分批试点或分地区推开,无（非时齐Markov模型测算）,失能群体健康状况的结构性变化,重度失能群体平均期望余寿；失智群体平均健康水平,某副省级城市2017—2020年长期护理保险试点数据,高,可持续性风险；长护险制度可持续性发展,重度失能群体平均期望余寿从试点第1年的23.1个月增至第4年的43.8个月,A起始年按摘要“2017—2020年数据、试点第1—4年”记；作者指出这一变化可能使长护险基金实际支出逐步偏离预期，建议建立以失能群体平均健康水平为基础的筹资动态调整机制,,
社保,SB2,SB2-019,健康状况与老年人消费偏好：理论分析与经验证据,麦东仁,世界经济,2025(5),模型模拟,老年人健康状况（日常活动需要帮助程度ADL）,—,连续变量（非冲击）,结构模型（消费生命周期模型，估计与校准）,老年人消费偏好,消费边际效用（结构参数）；医疗保险需求、社会最优医疗保障水平、储蓄（数值模拟）,CHARLS,高,无,ADL每增加1个标准差，消费边际效用下降19.5%～34.3%；统一城乡医疗保障水平可使农村居民所受负面影响减少约38%,农村居民受负向影响更大；健康依赖使老年人医疗保险需求和社会最优医疗保障水平显著降低，对储蓄影响有限,,
社保,SB2,SB2-020,儿童患者成本分担变动对医疗支出的影响研究,彭晓博,世界经济,2025(5),冲击回归,儿童大病医保试点政策（提升重症保障、降低成本分担）,摘要未给,分批试点或分地区推开,普通DID（摘要写“双重差分法”）,医疗支出,住院总费用；目录内、目录外支出；自付比例；价格弹性,城乡居民医保住院报销记录（16万余条）,高,无,无,目录外支出增幅显著高于目录内，高支出群体价格弹性更低；白血病、先心病等重疾目录外支出弹性更高、自付比例降幅更大；1岁以下婴儿医疗支出价格无弹性；无性别差异,,
社保,SB2,SB2-021,长期护理保险的资源配置效应——基于制度激励与照护机构市场进入的研究,余央央,经济学(季刊),2025(2),冲击回归,长期护理保险（含待遇水平、报销方式等制度设计）,约2016（常识）,分批试点或分地区推开,摘要未给,照护资源配置（照护机构市场进入）,医疗类居家机构、养老院、提供生活照料的社区机构的供给（市场进入）；营利性机构进入的区域分布,摘要未给,高,无,无,另从理论上刻画供方经济激励与市场进入；改善“重生活照料、轻医疗护理”格局；待遇水平、报销方式对医疗照护资源配置作用更强且时效不同；营利性机构更多进入发达地区,,
社保,SB2,SB2-022,智慧健康养老与医疗费用——来自智慧健康养老示范基地的证据,解垩,管理世界,2025(1),冲击回归,智慧健康养老试点政策（智慧健康养老示范基地）,约2017（常识）,分批试点或分地区推开,多期DID,老年人医疗费用（医疗减负）,老年人住院概率；住院费用、门诊费用、总医疗费用、自费医疗费用,CFPS 2012～2020（5期面板）,高,积极应对人口老龄化；互联网+医疗健康；普惠型养老服务,住院概率降低3.84%；住院费用、门诊费用、总医疗费用、自费医疗费用分别降低31.26%、57.65%、63.91%、47.53%,另构建世代交叠模型；机制为降低交通成本、加强慢性病管理、增加预防性锻炼；促进“享老”的作用有待提高；对不同人群和地区特征的老年群体均有医疗减负作用,,
社保,SB2,SB2-023,公共养老服务与劳动供给——来自居家和社区养老服务试点的证据,李琴,经济研究,2024(12),冲击回归,居家和社区养老服务改革试点（2016年以来）,2016,分批试点或分地区推开,多期DID（渐进双重差分）,劳动供给（老年家庭照料者）,照料者劳动参与；跨区县就业概率；劳动时间,CHFS 2013—2021（五轮）,高,无,无,照料需求较低、照料机会成本较高（受教育程度较高）的照料者效应更明显，劳动时间无显著变化；机制为正式照料替代家庭非正式照料、改善老年人精神健康；公共养老服务可及性和使用率高的社区效果更明显,,
社保,SB2,SB2-024,长期护理保险对养老模式的影响——基于经济独立和居住独立的双重视角,刘子宁,金融研究,2024(8),冲击回归,长期护理保险（长护险）,约2016（常识）,分批试点或分地区推开,普通DID（关键词“双重差分法”）,失能老人养老模式（经济独立、居住独立）,失能老人经济上依赖子女养老的概率；与子女共同居住；子女净转移支付、线下联系频率,摘要未给,高,无,无,显著增强经济独立但不显著影响居住独立；“宽口径”长护险更能降低经济依赖，现金给付型还提高与子女同住概率；女性、认知受损、子女少的失能老人经济独立效应更强；减弱子女代际支持,,
社保,SB2,SB2-025,长期护理保险对医院床位利用的影响,吴敏,经济学(季刊),2024(6),冲击回归,长期护理保险制度的实行（城市层面）,约2016（常识）,分批试点或分地区推开,摘要未给,医院床位利用,平均住院日；病床周转率,全国城市层面数据 2009—2020,高,人口老龄化；应对人口老龄化,平均住院日减少3.4%，病床周转率提高2.5%,地方政府财政力度更大、护理服务人员雇佣成本较高的地区效果更明显,,
社保,SB2,SB2-026,长期护理保险制度的共同富裕效应：基于照护决策与风险分担视角,陈飞,世界经济,2024(4),冲击回归,长期护理保险试点政策,约2016（常识）,分批试点或分地区推开,普通DID（摘要写“双重差分法”）,共同富裕（增收与分配）,家庭收入水平；城乡、群体、地区间收入差距,摘要未给,中,共同富裕；健全国家社会保障体系,无,另构建单一家庭决策效用最大化模型；机制为挤出家庭照护、创造就业岗位（延长劳动时间、拓宽就业渠道）；收入损失和医疗支付风险越高的家庭越显著，并缩小城乡、群体、地区收入差距,,
社保,SB2,SB2-027,国有企业研发创新存在任期周期性规律吗,王红建,财贸经济,2024(2),主题无关,—,—,—,—,—,—,—,—,—,—,—,,
社保,SB2,SB2-028,城乡居民医保需求价格弹性的估计——兼论城乡居民医保筹资模式改革,张川川,金融研究,2023(12),其他实证,城乡居民医保个人缴费标准,—,连续变量（非冲击）,一般回归（双向固定效应）,城乡居民医保需求价格弹性,居民医保参保概率,CHARLS,高,医保制度可持续运行；城乡居民医保筹资模式改革,个人缴费标准每提高10%，参保概率降低0.15%,中等收入和农村人群弹性更大、健康较差人群弹性更小（关键词含逆向选择）；作者建议扩大参保补贴覆盖的低收入人群、完善缴费财政补助模式，并由定额筹资转向按收入比率缴费的费率制,,
社保,SB2,SB2-029,居家和社区养老服务与老年人精神健康,贾凯冬,世界经济,2023(8),冲击回归,居家和社区养老试点政策（居家和社区养老服务改善）,约2016（常识）,分批试点或分地区推开,普通DID（摘要写“双重差分法”）,老年人精神健康,老年人精神健康状况（量表摘要未给）,CHARLS 2011—2018,高,人口老龄化,无,机制为试点城市老年人享受更多医疗和照护服务、更多日常陪伴；仅对高收入、城镇、50至59岁及70岁以上老年人显著,,
社保,SB2,SB2-030,信息不对称视角下长期护理保险保障模式评价及制度优化,封进,管理世界,2023(8),冲击回归,长护险待遇保障模式：给予重度失能者现金补贴（典型城市）,摘要未给,分批试点或分地区推开,摘要未给,长护险保障模式评价（信息不对称）,低失能者被评为高失能者的概率（高报失能程度）；福利（改进方案模拟）,典型城市长护险政策和实际运行数据,高,党的二十大报告；建立长期护理保险制度；健全社保体系,现金补贴模式使低失能者被评为高失能者的概率显著提高7.0～11.0个百分点,先从理论上比较几种待遇保障模式的高报激励；高报在初始健康较好群体中更严重；福利模拟显示增加重度失能者可报销护理服务限额可缓解信息不对称，按服务使用给现金补贴高报激励较小但会引发道德风险,,
社保,SB2,SB2-031,微观医疗费用预测模型：从线性回归到机器学习,石菊,经济学(季刊),2023(6),测度,无（预测模型比较：线性回归与多种机器学习模型）,—,无,无（机器学习预测）,微观医疗费用预测,个人医疗费用预测性能；按人头付费下医疗机构财务风险（政策模拟）,微观医疗大数据（来源摘要未给）,高,医保支付方式改革,无,大部分机器学习模型优于线性回归，梯度提升模型最优；以机器学习预测确定按人头付费医保支付额时医疗机构财务风险更低,,
社保,SB2,SB2-032,实物类转移支付的道德风险：以中国城职保个人账户为例,沓钰淇,世界经济,2023(5),冲击回归,城镇职工医保个人账户余额耗尽（个体层面事件）,—（个体事件）,全国统一政策,多期DID（动态双重差分）,实物类转移支付的道德风险,普通门诊和药店购药的费用、次数,中国西部某地级市2012—2016年医疗保险报销数据（2000多万条）,中,无,无,余额耗尽后普通门诊和药店购药的费用与次数显著下降，作者解读为参保者低估个人账户资金价值；以职工医保个人账户作为实物类转移支付的案例,,
社保,SB2,SB2-033,美国私人养老金计划税收政策借鉴及启示,董克用,税务研究,2023(5),阐释综述,—,—,—,—,—,—,—,—,多支柱养老金体系；第二、第三支柱养老金改革,—,—,,
社保,SB2,SB2-034,医疗保险、农业信贷与精准扶贫,赵桂芹,经济学(季刊),2023(2),其他实证,家庭参加医疗保险（另比较农业信贷、“医疗保险+农业信贷”模式）,—,连续变量（非冲击）,摘要未给,精准扶贫（家庭陷贫）,家庭贫困脆弱性（实证）；陷贫概率（数值模拟）,摘要未给,中,精准扶贫；消除绝对贫困；缓解相对贫困,无,数值模拟显示“医疗保险+农业信贷”对刚脱离贫困陷阱的家庭减贫效果更显著；实证中单独农业信贷与组合模式对贫困脆弱性的影响不显著,,
社保,SB2,SB2-035,退休制度、劳动供给与收入消费动态,黄炜,经济研究,2023(1),冲击回归,达到法定退休年龄（退休制度）,—（个体事件）,全国统一政策,事件研究（事件分析法；不平等部分用分位数回归）,退休前后劳动供给与收入消费动态,劳动参与（退而不休）；家庭收入；家户消费（分类别）；同一出生队列内收入不平等、消费不平等,中国城镇家户调查月度数据（2010—2012、2014—2016年）,高,退休政策改革,法定退休年龄后前三年约14%男性、约22%女性在领取养老金同时继续劳动；女性样本家庭收入上升7%；家户消费上升4%,“退而不休”在养老金收入较低群体中更普遍；消费扩张集中在医疗和食品；分位数回归显示队列内收入不平等缓解、消费不平等加剧,,
投资于人,TR,TR-001,城市基本公共服务均等化演进与路径优化,黄文彬,财贸经济,2026(9),模型模拟,基本公共服务均等化的双重路径：降低落户门槛、减少公共服务歧视（量化空间一般均衡模型中的政策情景）,无（模型；测度期2000—2020）,连续变量（非冲击）,结构模型（异质性劳动力流动的量化空间一般均衡）,城市基本公共服务均等化水平及其产出与福利效果,模型测度的283个城市均等化水平；总产出；社会福利,283个城市2000—2020年数据（具体来源摘要未给）,中,基本公共服务均等化；新型城镇化,无,产出增加主要源于公共服务歧视减少、福利提升主要源于落户门槛降低；模拟显示一二线城市减少歧视、三线城市降低落户门槛效应更优，差异化户籍改革与城市群落户积分互认亦为渠道,,
投资于人,TR,TR-002,更好发挥经济体制改革的牵引作用：路径、机制和着力点,胡家勇,财贸经济,2026(8),阐释综述,—,—,—,—,—,—,—,—,投资于人；高质量发展；中国式现代化；“十五五”；有效市场和有为政府,—,—,,
投资于人,TR,TR-003,数据要素赋能下税收横向分配公平的逻辑重构与优化路径,袁娇,税务研究,2026(7),阐释综述,—,—,—,—,—,—,—,—,数据要素；高质量发展；基本公共服务均等化,—,—,,
投资于人,TR,TR-004,公共教育投入、家庭人力资本投资与生育决策,罗楚亮,经济研究,2026(6),模型模拟,公共教育投入增加；公共教育资源分配均等化（世代交叠模型中的政策情景）,无（模型）,连续变量（非冲击）,结构模型（世代交叠模型，内生化异质性家庭的生育与教育决策）,家庭人力资本投资、生育决策（及收入不平等）,模型中的家庭私人教育投资、子女陪伴时间、总和生育率、收入不平等,摘要未给,高,无,无,公共教育投入对私人教育投资和陪伴时间有替代效应，经降低养育成本提高总和生育率；公共教育均等化提高低人力资本家庭可及性、降低收入不平等；降低养育时间成本和积极生育观也重要,,
投资于人,TR,TR-005,从“激励错配”到“权责适配”：论投资于人导向下央地财政关系的调整,林志帆,财政研究,2026(6),冲击回归,2016年以来中央与地方财政事权和支出责任划分改革,2016,全国统一政策,摘要未给（2002—2024年城市面板）,地方政府投资于人,地方政府教育、医疗、民生领域支出；基础设施投资强度,2002—2024年城市面板数据（具体来源摘要未给）,中,投资于人；投资于物；中国式现代化,无,另一核心解释变量为财政压力（连续变量）：抑制教育医疗民生支出、促进基础设施投资，作者据此认为财力不足并非关键；地方政府博弈模型：官员任期短+人力资本投资“收益跨代、空间外溢”致激励不足；主张上收人力资本投资事权,,
投资于人,TR,TR-006,投资于人的收入分配效应：来自工伤预防试点工作的证据,霍文希,数量经济技术经济研究,2026(5),冲击回归,2013年工伤预防试点工作,2013,分批试点或分地区推开,摘要未给（称准自然实验）,投资于人的收入分配效应,企业劳动收入份额,2011～2016年全国税收调查数据；城市面板数据,中,投资于人；共同富裕,无,机制为效率提升效应和福利优待效应；效果在生产经营风险低、劳动边际收益高、劳动力流动性弱的企业，以及维权意识强、营商环境或职工培训环境优的地区更突出,,
投资于人,TR,TR-007,政府间支出责任划分与义务教育优质均衡发展,谢贞发,财政研究,2026(5),冲击回归,2016年城乡义务教育经费保障机制改革下县级政府支出责任差异,2016,地区强度差异,摘要未给（以改革为基础比较支出责任大小不同的县）,义务教育优质均衡发展,学生学业表现；（机制）县级教育支出、教育设施、学生通勤时间、学习努力程度；（延伸）家庭消费—储蓄决策；全国一般公共预算生均教育经费差异指数,摘要未给（另用全国一般公共预算生均教育经费）,中,投资于人；义务教育优质均衡发展；财政事权与支出责任划分,无,支出责任更大的县改革后财政压力更大、教育支出与设施未及时增长，学生学业表现下降；主要存在于中西部、小学、农村学校；差异指数显示经费保障机制改革整体促进了义务教育均衡,,
投资于人,TR,TR-008,反“内卷式”竞争及财税作用机制的合理构建,王振宇,税务研究,2026(5),阐释综述,—,—,—,—,—,—,—,—,反“内卷式”竞争；投资于人；扩大消费,—,—,,
投资于人,TR,TR-009,经济发展差异、财政制度变迁与县级财力均衡：1953—2019年的量化分析,汪德华,经济研究,2026(4),测度,无（测度县级财力不均等，结合财政制度变迁作历史分析）,无,无,无（基尼系数等指标测度）,县级财力均衡,县级人均财政收入基尼系数；人均财政支出基尼系数,2500多本县（市）新方志、其他统计资料及手工整理的1953—2019年县级财政收支数据（自建）,高,基本公共服务均等化,无,收入维度基尼呈“W型”、改革开放后波动大于计划经济时期；支出维度基尼自1953年以来波动下降、十八大后处于历史最低；收入划分、上解补助及转移支付等制度使支出维度不均等下降,,
投资于人,TR,TR-010,经济高质量发展视角下我国促进就业的税费政策探讨,张译文,税务研究,2026(4),阐释综述,—,—,—,—,—,—,—,—,高质量发展；民生共享,—,—,,
投资于人,TR,TR-011,疾病控制与教育代际传递：基于麻疹疫苗接种的经验证据,孙煜程,世界经济,2026(3),冲击回归,20世纪60年代中期中国开展的麻疹疫苗接种运动,20世纪60年代中期（摘要）；约1965（常识）,全国统一政策,普通DID（摘要：出生队列双重差分）,教育代际传递,教育代际传递（父代—子代受教育程度关联，具体口径摘要未给）；（机制）个体健康水平、父母人力资本投资；（延伸）祖孙教育代际传递,中国家庭追踪调查（CFPS）,高,共同富裕；教育机会公平,无,效应在政策潜在收益更大的地区更突出；疫苗对健康和父母人力资本投资的影响随父代教育增加而递减；具代际溢出，几乎切断祖孙教育传递链路,,
投资于人,TR,TR-012,治理中心化能否推动基本公共服务供给的均等化？——以医疗保障局成立为例,刘凯,管理世界,2026(3),冲击回归,医疗保障局成立（医保治理“中心化”）,约2018（常识）,全国统一政策,摘要未给,基本公共服务供给均等化（医保政策区域差异）,地市间职工医保政策差异：单位缴费比例、住院报销比例、预付制种类、基金监管力度（筹资、待遇、支付、监管4维度）,2010～2022年覆盖所有地市级政府的职工医保政策数据库（自建；机器学习、标准病人方法）,中,基本公共服务均等化,无,医保局削弱了“财力不均”和“府际竞争”两种加剧差异的机制，通过“抬低抑高”和“路径解耦”缩小政策区域差异；各地医保局设立时点摘要未给,,
投资于人,TR,TR-013,并购对企业劳动力市场势力的影响,解恩泽,财贸经济,2026(3),冲击回归,企业并购交易,企业层面事件（样本2003—2007）,市场或企业事件,摘要未给,企业劳动力市场势力,并购企业的劳动力市场势力（工资减价）,2003—2007年中国工业企业数据库；汤姆森路透并购数据库,高,投资于人；投资于物,无,机制为本地劳动力市场集中度提高和企业相对劳动力规模占比提升；水平并购和绝对控股并购效果更显著；含寡头垄断劳动力市场理论分析,,
投资于人,TR,TR-014,高等教育扩招政策与数字技能提升——基于“投资于人”的视角,蔡宇涵,数量经济技术经济研究,2026(3),冲击回归,高等教育扩招政策（对个体受教育水平的外生冲击）；核心解释变量为受教育水平,约1999（常识）,全国统一政策,工具变量（以扩招冲击作受教育水平的外生变动；摘要未出现“工具变量”字样）,数字技能,个体数字技能（具体测度摘要未给）；（机制）数字互补品可及性、信息可得性,中国家庭数字经济调查数据库,摘要无法判断,投资于人,无,拓展技能生产函数，以数字互补品（计算机、互联网、软件）和信息为投入要素；教育对弱势劳动群体与低收入群体的数字技能提升效应更大,,
投资于人,TR,TR-015,政府债务可持续性：理论演进与实践启示,曹婧,财政研究,2026(3),阐释综述,—,—,—,—,—,—,—,—,投资于人；投资于物；金融强国；财政政策积极有为,—,—,,
投资于人,TR,TR-016,县域新型城镇化、流动范围与女性农业转移人口就业,杨丹,经济研究,2026(2),冲击回归,县域新型城镇化试点政策,摘要未给（样本2012—2018）,分批试点或分地区推开,多期DID（关键词：交错双重差分）,女性农业转移人口就业,女性农业转移人口就业（按跨省、跨市、就近跨县流动范围）；（机制）县域儿童照管等公共服务、服务业发展；本地女性就业概率,2012—2018年中国流动人口动态监测调查；高德地图距离数据；百度地图幼儿园分布数据,高,投资于人；新型城镇化；农业转移人口市民化；就近城镇化,无,对就近跨县的女性就业促进最显著、流动范围越近效果越大；供给端经儿童照管公共服务减轻照料负担，需求端经服务业发展；外来女性就业降低本地低技能女性就业概率、与高技能女性互补,,
投资于人,TR,TR-017,中国基层公共服务可及性测度：村级医疗教育服务视角,卢盛峰,财政研究,2026(2),测度,无（测度）,无,无,无（两步移动搜索法测度）,基层（村级）公共服务可及性,村级医疗、教育服务空间可及性（供需视角下居民公共服务使用机会概率）,高德地图公共服务空间站点分布时空大数据,高,基本公共服务均等化；共同富裕,无,区域差异不断缩小，四大城市群更协调，原集中连片特困地区提升快；卫生室和小学是主要贡献；增长主要源于广延边际（供给覆盖面扩张）,,
投资于人,TR,TR-018,论财税政策与投资于人的本质关联及实现路径——基于人力资本积累视角,许生,税务研究,2026(2),阐释综述,—,—,—,—,—,—,—,—,投资于人；投资于物；高质量发展；人口高质量发展,—,—,,
投资于人,TR,TR-019,激励投资于人的税收制度与政策优化——基于人口发展趋势视角,薛钢,税务研究,2026(2),阐释综述,—,—,—,—,—,—,—,—,投资于人；新发展格局；高质量发展；人才红利,—,—,,
投资于人,TR,TR-020,完善促进投资于人税收政策体系的思考,李达,税务研究,2026(2),阐释综述,—,—,—,—,—,—,—,—,投资于人；人口高质量发展；新质生产力；共同富裕,—,—,,
投资于人,TR,TR-021,投资于物和投资于人紧密结合下的地方自主财力建设,孙萌,税务研究,2026(2),阐释综述,—,—,—,—,—,—,—,—,投资于人；投资于物；地方自主财力,—,—,,
投资于人,TR,TR-022,促进投资于物和投资于人紧密结合的税收制度与政策完善,黄智文,税务研究,2026(2),阐释综述,—,—,—,—,—,—,—,—,投资于人；投资于物；高质量发展；生育友好；人口高质量发展；扩大居民消费,—,—,,
投资于人,TR,TR-023,研发费用加计扣除对企业人力资本结构升级的影响,马克和,税务研究,2026(2),冲击回归,研发费用加计扣除政策,摘要未给（样本2015—2023）,全国统一政策,摘要未给,企业人力资本结构升级,企业人力资本结构（具体口径摘要未给）；（机制）物质资本投入、研发人员薪酬,2015—2023年A股上市公司,摘要无法判断,投资于人；新质生产力,无,制造业、东中部、高新技术企业效应更显著；摘要未说明政策变量是政策时点还是扣除强度；建议把研发相关人力资本投入纳入加计扣除，作为“投资于人”直达机制,,
投资于人,TR,TR-024,中国政府储蓄率：1998—2023年的演变趋势与财政视角的分解分析,汪德华,财政研究,2026(1),测度,无（核算与分解）,无,无,无（资金流量表核算与分解）,政府储蓄率,修正核算的政府储蓄率及其财政视角分解（国有土地净收入、宏观税负、税收收入、民生支出）,最新修订的资金流量表等；跨国比较数据,高,无,无,1998—2023年呈倒“U”形，对国民储蓄率的贡献由增长引擎、平衡支柱转为增长制约；驱动由土地收入与宏观税负转为土地净收入收缩、税收走弱及民生支出刚性,,
投资于人,TR,TR-025,增加地方自主财力视角下地方附加税改革方案探析,刘金东,税务研究,2026(1),模型模拟,地方附加税改革方案（维持税基、调整税率、限定用途、留足空间）,无（拟议改革）,无,无（基于宏微观数据的财力测算）,地方自主财力,地方附加税的直接财力影响和间接财力影响（测算值）,宏微观数据（具体来源摘要未给）,高,地方自主财力；投资于人；投资于物,无,从及时性、自主性、受益性三维论证必要性；呼应二十届三中全会“拓展地方税源”和四中全会“投资于物和投资于人紧密结合”,,
投资于人,TR,TR-026,超大城市公共服务存量：估算、差异测度及空间解构——基于北京的实证考察,李林君,财政研究,2025(12),测度,无（测度）,无,无,无（Dagum基尼系数等测算与分解）,超大城市（北京）公共服务存量及其不平等,人均公共服务存量（依财政支出和居民消费价格指数估算）；Dagum基尼系数及组内、组间分解,北京市财政支出与居民消费价格指数,高,基本公共服务均等化；“十五五”规划建议,2023年人均公共服务存量基尼系数0.1098，低于0.14警戒线,不平等自2000年开始改善；主要源于组间差异且份额扩大；组内第一贡献者由城市发展功能区变为生态涵养发展区；建议建立存量基尼监测机制,,
投资于人,TR,TR-027,学前教育营养干预与儿童人力资本积累,宋颜群,数量经济技术经济研究,2025(12),冲击回归,中国农村偏远地区实施的学前教育营养改善计划（试点地区）,摘要未给,分批试点或分地区推开,普通DID（摘要：队列DID）,儿童人力资本积累,受益队列儿童学业成绩；（机制）健康、非认知能力、父辈教育观念,摘要未给,中,共同富裕,无,含理论模型；完整接受干预的儿童学业成绩提升更大，体现累积效应,,
投资于人,TR,TR-028,基本公共服务均等化视角下的养老服务税收政策完善,黄凤羽,税务研究,2025(11),阐释综述,—,—,—,—,—,—,—,—,基本公共服务均等化；现代税收制度,—,—,,
投资于人,TR,TR-029,税收分成与居民福利：一个关于公共服务均等化的财政激励逻辑,缪小林,税务研究,2025(11),阐释综述,—,—,—,—,—,—,—,—,投资于人；公共服务均等化；共同富裕；以人民为中心,—,—,,
投资于人,TR,TR-030,教育经费配置、流入地义务教育供给与儿童随迁——基于城市义务教育经费保障机制改革的研究,张明昂,经济研究,2025(9),冲击回归,2016年起实施的城市义务教育经费保障机制改革（完善城市义务教育中央经费配置）,2016,全国统一政策,摘要未给,流动人口子女随迁（流入地义务教育供给）,流动人口子女随迁概率；（机制）流入地教育投入、异地入学门槛、招生规模；（延伸）长期居留意愿、城市劳动力供给,2011—2018年流动人口调查数据,高,教育公平,无,对父母受教育水平较低家庭儿童、女孩、学龄较低儿童影响更大；流动人口占比高、财政分权程度高的城市更明显；机理为明确央地支出责任、优化中央补助资金配置,,
投资于人,TR,TR-031,城市规模的人力资本效应——基于青少年认知能力视角,孙三百,财贸经济,2025(8),其他实证,成长期城市人口规模,无（连续变量）,连续变量（非冲击）,摘要未给,人力资本（青少年认知能力）,个体认知能力；（长期）成年后收入水平、教育回报率；流动人口子代认知能力代际传递,摘要未给,中,人才红利；户籍制度改革,无,机制为成长期城市的教育资源、人力资本投资和多样化程度；对本地儿童和低技能家庭子女正效应更明显,,
投资于人,TR,TR-032,家庭借贷约束、人力资本形成与长期发展——基于大学生生源地助学贷款的研究,梁超,管理世界,2025(8),冲击回归,区县层面生源地助学贷款政策（政府提供大学教育信贷）,约2007（常识：国家试点起点；各区县推行时间不一）,分批试点或分地区推开,摘要未给,人力资本形成与长期发展,教育年限；获得大学学位概率；家庭教育借贷概率与金额；成年收入,中国家庭金融调查（CHFS）；手动整理的区县生源地助学贷款政策,高,共同富裕,平均教育年限增加0.26年；获得大学学位概率上升3.1个百分点,低收入家庭受影响更大；在经济发展水平较低、传统金融可及性较差地区对人力资本和成年收入的正效应更大,,
投资于人,TR,TR-033,县域基本公共服务供给均等化的测度研究——基于城乡融合视角,陈欣悦,财政研究,2025(8),测度,经济社会要素（人均GDP、人口净流失率等）对市县差异的贡献,无（连续变量）,连续变量（非冲击）,一般回归（双向固定效应有序Logit）,县域基本公共服务供给均等化,市县基本公共服务供给水平差异（“90分达标+60分及格”新标准下的CFI指数）,2015—2022年1442个县（具体来源摘要未给）,高,基本公共服务均等化；城乡融合发展；中国式现代化,人口净流失率与市县差异指数呈倒“U”形，拐点在30%—40%之间,市县差距明显缩小，人均GDP作用显著；河北、浙江、云南、京津冀差异稳步缩小，革命老区县、江西、黑龙江等为短板,,
投资于人,TR,TR-034,推动全国统一大市场建设的财税体制改革思考,谷成,税务研究,2025(8),阐释综述,—,—,—,—,—,—,—,—,全国统一大市场；新发展格局；基本公共服务均等化,—,—,,
投资于人,TR,TR-035,人口流动与均衡性转移支付均等化效应,程瑜,财政研究,2025(6),其他实证,人口流动,无（连续变量）,连续变量（非冲击）,一般回归（动态空间杜宾模型）,均衡性转移支付的均等化效应,财力均等化效应、基本公共服务均等化效应（具体指标摘要未给）,2015—2022年192个地级市（具体来源摘要未给）,摘要无法判断,基本公共服务均等化；区域协调发展,无,现行转移支付识别人口流动财政压力存在偏差；均等化效应有空间外部性、动态惯性和邻近示范效应；机制为财政自给能力与公共支出需求,,
投资于人,TR,TR-036,财政民生支出的福利改进效应,穆怀中,财政研究,2025(4),其他实证,财政低保支出、财政养老支出,无（连续变量）,连续变量（非冲击）,摘要未给,福利改进,收入效应、民生效应、消费效应、经济增长效应（具体指标摘要未给）,摘要未给（研究期2000—2020）,摘要无法判断,积极财政政策；扩大内需,无,2000—2020年低保支出福利改进效应波动、养老支出福利改进效应上升；城乡与不同收入群体间存在异质性,,
投资于人,TR,TR-037,税收政策在产业链上的溢出效应研究：基于股票市场反应与投资决策的双重视角,刘行,财贸经济,2025(3),冲击回归,固定资产加速折旧政策（对试点行业上游关联企业的溢出）,约2014（常识）,分批试点或分地区推开,事件研究（宣告期累计超额回报）；投资部分方法摘要未给,税收政策在产业链上的溢出效应,上游关联企业政策宣告期股票累计超额回报；政策实施后固定资产投资；人力资本投资,股票市场数据（具体来源摘要未给）,中,无,无,控制政策直接效应；溢出主要发生在成长性好、盈利能力强、竞争地位高的企业；资本与劳动互补使溢出也体现在人力资本投资上,,
投资于人,TR,TR-038,从基层“三保”的财力保障看财政转移支付的效果和优化路径,仇童伟,管理世界,2025(3),其他实证,财政转移支付（一般性、专项）,无（连续变量）,连续变量（非冲击）,摘要未给,基层“三保”财力保障,区县“三保”（保基本民生、保工资、保运转）支出及占比；无转移支付时无法负担“三保”的区县比例,2016～2020年中国地方政府财政预决算数据库,高,保基本民生（基层“三保”）；财政资金直达机制,2016～2018年区县“三保”支出平均占比略高于40%，2019年后超过50%；不考虑转移支付时东、中、西部分别有超过30%、50%、60%的区县无法负担,专项转移支付仅对西部保基本民生有激励；另一政策变量为财政资金直达机制（约2020，常识），提高“三保”支出、对保基本民生效果最佳,,
投资于人,TR,TR-039,共同富裕与财政民生支出研究——在中国式现代化中保障和改善民生,丛树海,财政研究,2025(3),阐释综述,—,—,—,—,—,—,—,—,共同富裕；中国式现代化；以人民为中心,—,—,,
投资于人,TR,TR-040,相对贫困地区的教养方式与儿童行为偏好：来自实地实验的证据,陈叶烽,管理世界,2024(12),其他实证,家长教养方式（权威型、专断型、放任型教养干预）及家长自身行为偏好；另有针对家长的信息干预,无（实验）,连续变量（非冲击）,田野实验（实地实验室实验）,儿童行为偏好,实验中儿童的行为偏好决策；儿童对家长行为偏好的信念准确度；家长教养干预的数量与方式,湖南省X县（武陵山片区）450对家庭配对样本的实地实验（自建）,高,相对贫困,无,多数家长用权威型干预；家长“身教”和权威型“推荐”影响最大；儿童信念越准确榜样作用越明显；信息干预可帮助家长调整教养干预,,
投资于人,TR,TR-041,基本公共服务与城市创业活力,蒋伏心,财政研究,2024(9),其他实证,基本公共服务水平,无（连续变量）,连续变量（非冲击）,摘要未给,城市创业活力,城市新创企业（以工商注册企业衡量）；第三产业新创企业类型多样性,工商注册企业数据,中,基本公共服务均等化；强大国内市场,无,机制为扩大市场潜能和降低进入成本；对居民收入低、城乡收入差距大、落户门槛高、资源依赖度高的城市及第三产业更突出,,
投资于人,TR,TR-042,增进民生福祉推进全体人民共同富裕,杨灿明,财政研究,2024(8),阐释综述,—,—,—,—,—,—,—,—,共同富裕；中国式现代化；民生财政；基本公共服务均等化；人的全面发展,—,—,,
投资于人,TR,TR-043,涉侨宗族网络的经济福利效应——来自涉侨族谱的证据,陈方豪,经济学(季刊),2024(5),其他实证,涉侨宗族网络（同一地区姓氏族群的涉侨程度）,无（历史形成的宗族网络）,连续变量（非冲击）,摘要未给,本土成员经济福利,住房条件；教育程度；劳动收入；经济上依赖家族支持的概率；劳动参与率；工作时长；创业,2005年全国人口抽样调查；涉侨族谱数据,中,无,无,分化效应：海外亲族经济支持改善生活条件但挤出人力资本投资和劳动参与；海外市场信息与融资支持促进出口类创业,,
投资于人,TR,TR-044,教育公平与人力资本积累——基于高考招生专项计划的实证研究,张庆,经济学(季刊),2024(5),冲击回归,高考招生专项计划,约2012（常识）,分批试点或分地区推开,摘要未给,人力资本积累（教育公平）,农村个体受教育水平；高中入学概率；对同地区非受益个体的溢出；家庭教育预期与人力资本投资,摘要未给,高,乡村振兴；教育公平；共同富裕,无,对同地区无法享受计划的个体有较小负向溢出；家庭人力资本投资的增加集中在教育背景较好的家庭,,
投资于人,TR,TR-045,财税政策如何助力共同富裕——基于规范居民财富积累的视角,刘蓉,税务研究,2024(4),阐释综述,—,—,—,—,—,—,—,—,共同富裕；以人民为中心；基本公共服务均等化；第三次分配,—,—,,
投资于人,TR,TR-046,学前教育对儿童认知与非认知发展的影响——来自中国学前教育普及项目的证据,赵丽秋,经济学(季刊),2024(3),冲击回归,2010年启动的学前教育普及项目（导致幼儿园数量和密度增加）,2010,地区强度差异,强度DID（摘要：双重差分，处理变量为幼儿园密度）,儿童认知与非认知发展,幼儿园入学率；儿童认知能力（尤其数列测试成绩）；非认知能力,中国家庭追踪调查（CFPS）,高,无,无,入园显著提高认知能力，对非认知能力无显著影响；对社会经济状况较低家庭的儿童影响更大,,
投资于人,TR,TR-047,社区养老服务资源配置的区域差异、空间错位及均衡路径,李春根,财政研究,2024(3),测度,无（测度）,无,无,无（评价指标体系测算与差异分解）,社区养老服务资源配置的区域差异与空间错位,社区养老服务资源配置水平指数；区域差异、结构差异及其驱动因素；与经济发展、财政投入的空间错位,摘要未给（2014—2021年）,高,共同富裕；基本公共服务均等化,无,区域差异总体下降、主要源自区域间不均衡；结构差异主要源于社区医疗资源；空间错位具明显异质性,,
投资于人,TR,TR-048,共同富裕目标下基本公共服务均等化与财政改革：基于广义国民收入的分析,伏润民,经济研究,2024(1),其他实证,基本公共服务供给差异（聚焦义务教育和医疗卫生）,无（连续变量）,连续变量（非冲击）,摘要未给,国民收入差距（共同富裕）,广义国民收入（将基本公共服务纳入国民收入）水平及差异,摘要未给,中,共同富裕；基本公共服务均等化；民生福祉,无,构建广义国民收入框架；认为现行财政体制难以使基本公共服务向均等化收敛，并就义务教育和医疗卫生提出事权划分与财政供给制度改革方案,,
投资于人,TR,TR-049,社会网络：农民工人力资本积累的垫脚石还是绊脚石？,刘启超,数量经济技术经济研究,2024(1),其他实证,借助社会网络实现就业,无（个体变量）,连续变量（非冲击）,一般回归（摘要：条件混合过程估计法处理内生性）,农民工人力资本积累,农民工进城后人力资本投资概率（培训、学历教育等）,中国城乡流动人口数据,中,无,无,含理论模型；机制为社会网络缩短搜寻时间、提高工作搜寻效率，降低人力资本投资动力,,
投资于人,TR,TR-050,最低工资与异质性人力资本需求：基于招聘网站数据的研究,马双,世界经济,2023(12),其他实证,最低工资标准（城市间调整，作为连续变量进入）,无（连续政策变量；样本2019—2020）,连续变量（非冲击）,摘要未给,异质性人力资本需求,招聘岗位要求的工作经验年限；要求1年及以上经验的岗位数量；招聘薪资支付意愿,2019—2020年两大招聘网站数据,中,高质量发展；新发展阶段,最低工资标准每上涨10%，企业对工作经验年限需求增加3.83%；考虑经验需求后对支付意愿的系数仅为整体影响系数的65.7%,外延边际增加要求1年及以上经验的岗位数，内延边际提高给定岗位的经验要求,,
投资于人,TR,TR-051,国家试点与地方试点的协同：来自学生营养改善计划的证据,金刚,世界经济,2023(11),冲击回归,学生营养改善计划在县层面的国家试点模式与地方试点模式,约2011（常识）,分批试点或分地区推开,普通DID（摘要：队列双重差分）,营养改善计划试点模式的政策效果,受益儿童高中入学率；成本效益,摘要未给,低,中国之制、中国之治,无,地方试点效果受地方财政能力和官员偏好干扰，国家试点可避免但成本效益较低；城市层面因“县”制宜的双重模式效果更显著,,
投资于人,TR,TR-052,政务服务信息化与基本公共服务水平,黄寿峰,世界经济,2023(8),冲击回归,信息惠民国家试点政策（政务服务信息化）,约2014（常识）,分批试点或分地区推开,普通DID（摘要：双重差分法）,基本公共服务水平,基本公共服务水平（具体指标摘要未给）；基本公共服务均等化；居民对基本公共服务的满意度,摘要未给,摘要无法判断,基本公共服务均等化；国家治理体系和治理能力现代化,无,机制为提高基本公共服务效率、促进城市创新、推动产业结构升级；效果随财政压力和经济增长压力增大而减弱、随财政透明度提高而增强,,
投资于人,TR,TR-053,人力资本投资税收激励与企业创新——来自职工教育经费税前扣除政策的证据,叶永卫,财政研究,2023(7),冲击回归,2018年企业职工教育经费税前扣除比例提高,2018,全国统一政策,普通DID（摘要：双重差分）,企业创新,企业专利产出（数量与质量）；企业经营绩效,摘要未给,中,无,无,在税费负担较高、融资约束较严重、资本密集度较低的企业更明显；机制为融资约束缓解和人力资本升级,,
投资于人,TR,TR-054,突破“藩篱”:技能劳动力户籍限制与企业创新活力,吴育辉,经济学(季刊),2023(5),冲击回归,大城市技能偏向型户籍改革（放松技能劳动力户籍限制）,摘要未给,分批试点或分地区推开,摘要未给,企业创新活力,企业创新活动（具体指标摘要未给）；未来生产效率及收入,摘要未给,摘要无法判断,无,无,机制为技能劳动力占比提高和企业人力资本投资增加；资本密集度较高、公共服务质量较好时更明显；A类型按各城市分别改革归入，摘要未给改革时点,,
投资于人,TR,TR-055,数字基础设施与代际收入向上流动性——基于“宽带中国”战略的准自然实验,方福前,经济研究,2023(5),冲击回归,“宽带中国”战略（示范城市政策）,约2014（常识）,分批试点或分地区推开,普通DID（摘要：DID模型，另用工具变量法等）,农村人口代际收入向上流动性,农村户籍子代代际收入向上流动；（机制）父代对子代人力资本投资的回报、子代对父代社会资本的继承,中国家庭追踪调查（CFPS）,高,共同富裕；数字经济；新发展阶段,无,含理论模型；需求侧机制为促进产业创新、提高市场化水平、增强社会监督,,
投资于人,TR,TR-056,税收激励、人力资本投资与企业劳动生产率——来自2018年职工教育经费税前扣除政策的证据,叶永卫,数量经济技术经济研究,2023(5),冲击回归,2018年企业职工教育经费税前扣除比例提高,2018,全国统一政策,普通DID（摘要：双重差分）,企业劳动生产率,企业劳动生产率；（机制）高素质职工规模；（延伸）经营状况、员工工资、劳动收入份额、创新产出,摘要未给,高,教育优先发展；科技自立自强；人才引领驱动,无,在税收负担较高、融资约束严重和劳动密集型企业更明显；对员工工资和劳动收入份额无显著影响；与TR-053为同一政策、同一第一作者,,
投资于人,TR,TR-057,效率竞争优势与预算支出决策——基于间断均衡理论的实证研究,孙克竞,财政研究,2023(5),其他实证,效率竞争优势（各民生部门相对支出效率变化，以经济建设支出为参照）,无（连续变量）,连续变量（非冲击）,摘要未给,预算支出决策,基础教育、社会保障、医疗卫生、环境保护四类预算支出规模增幅,2008—2021年31个省级行政区面板数据,高,无,无,四类民生预算支出与效率竞争优势均具间断均衡特征；政府注意力、公众注意力和预算公众参与总体强化正向影响，领域间有异质性,,
投资于人,TR,TR-058,增值税税收与税源背离对我国地区财力均衡的影响,万莹,税务研究,2023(5),测度,无（测算增值税税收与税源背离）,无,无,无（测算）,地区财力均衡,各地区增值税税收与税源背离的规模、程度、结构；地区财力差距,摘要未给,高,基本公共服务均等化；数字经济；区域经济协调发展,无,背离使税收由欠发达地区流向发达地区、扩大地区财力差距，营改增全面推开（约2016，常识）后强化；建议改为消费地原则,,
投资于人,TR,TR-059,自动化技术、结构转型与中国收入分配格局的演化,卢国军,金融研究,2023(4),模型模拟,内生自动化技术与产业结构转型（由要素禀赋与劳动力技能禀赋变化驱动）,无（模型）,技术冲击,结构模型（两部门内生自动化技术选择模型定量分析）,收入分配格局,劳动收入份额；服务业相对制造业部门工资溢价（模型定量结果）,摘要未给,中,无,无,近二十年劳动收入份额呈U型，自动化主导下降阶段、结构转型主导上升阶段；部门工资溢价持续上升由两者共同作用,,
投资于人,TR,TR-060,数字金融、流动性约束与共同富裕——基于代际流动视角,周广肃,数量经济技术经济研究,2023(4),其他实证,地区数字金融发展（数字普惠金融指数）,无（连续变量）,连续变量（非冲击）,摘要未给（称做了内生性处理）,共同富裕（代际流动）,代际收入弹性；代际收入秩相关系数；（机制）家庭流动性约束、人力资本投资、代际教育流动,中国数字普惠金融指数；CFPS 2014、2016、2018年,低,共同富裕,无,主要改善低人力资本和低社会资本家庭的代际流动，具普惠性特征,,
投资于人,TR,TR-061,公共人力资本投资结构、经济增长与人口老龄化,张逸君,财政研究,2023(4),其他实证,公共人力资本投资结构（教育支出导向的投资偏向）,无（连续变量）,连续变量（非冲击）,一般回归（动态空间杜宾模型＋非线性调节效应）,经济增长（人口老龄化调节）,经济增长（具体指标摘要未给）,2005—2020年30个省份面板数据,高,人才强国战略,无,含世代交叠模型；公共人力资本投资结构与经济增长呈倒“U”型，老龄化有调节效应；教育支出导向仍有提升空间；空间外溢显著,,
投资于人,TR,TR-062,我国民生支出的规模、特征及变化趋势,王列军,管理世界,2023(3),测度,无（测度）,无,无,无（口径测算与国际比较）,民生支出规模、特征及变化趋势,一般预算民生支出占一般公共预算支出及GDP比重；广义政府民生支出占广义政府支出及GDP比重；分项（社保就业、教育、卫生健康）,一般预算与广义政府支出口径数据（具体来源摘要未给）；经合组织国家比较,高,无,2007～2020年一般预算民生支出占一般公共预算支出比重29.3%→38.8%、占GDP比重5.4%→9.4%；2010～2020年广义政府民生支出占广义政府支出约45%、占GDP比重10.6%→15.4%,社保和就业支出最大、教育次之、卫生健康快速增长；与经合组织较低水平国家接近；预计未来十年主要由老龄化驱动增长,,
投资于人,TR,TR-063,公共支出均衡化、外部性与最优一般性转移支付,崔小勇,经济研究,2023(2),模型模拟,中央对地方一般性转移支付（公共支出外部性、地区偏好异质性下的最优规则）,无（模型）,连续变量（非冲击）,结构模型（理论框架＋县级数据数值分析）,最优一般性转移支付（公共支出均衡化）,最优边际转移支付（数值分析结果）,2019年县级财政数据,高,基本公共服务均等化,无,边际转移支付由支出对转移支付的弹性、公共支出地区分布、中央均等化偏好和外部性决定；数值结果呈U型且主要为负,,
投资于人,TR,TR-064,义务教育专项融资与教育投入：基于开征地方教育附加的研究,高跃光,管理世界,2023(2),冲击回归,各省开征地方教育附加（开征时间差异及省与市县分配比例）,20世纪90年代起（各省不同，摘要原文）,分批试点或分地区推开,多期DID（摘要：依开征时间差异及分配比例引入双重差分）,义务教育投入,地方教育支出水平；政策覆盖年龄群组的受教育水平,各省开征地方教育附加的政策变革；其余摘要未给,高,无,无,专款专用的地方教育附加为地方教育支出提供确定经费保障；结论支持义务教育资金下沉到基层财政,,
投资于人,TR,TR-065,高等教育机会与高中阶段教育类型的选择,邢春冰,经济学(季刊),2023(1),其他实证,高考录取指标的省际差异（大学及重点大学录取指标）,无（连续变量）,连续变量（非冲击）,摘要未给,高中阶段教育类型选择,初中毕业生辍学率；就读普通高中概率；选择职业高中概率,CHIP数据,高,无,无,增加大学录取指标降低辍学率；重点大学指标越多就读普高概率越高；城镇组重点大学指标与职高概率负相关；普通高等教育吸引力高于职业教育,,
投资于人,TR,TR-066,消费信贷与家庭人力资本投资,宋弘,金融研究,2023(1),其他实证,家庭信用卡使用（消费信贷）,无（家庭变量）,连续变量（非冲击）,摘要未给,家庭人力资本投资,家庭人力资本投资（具体口径摘要未给）；家庭劳动力供给,摘要未给,高,高质量发展；消费升级,无,效应有长期动态影响，对城市、高收入、高教育程度家庭更显著；机制为增加家庭消费投资、促进消费升级、缓解预算约束,,
投资于人,TR,TR-067,父母子女信息摩擦对儿童非认知能力发展的影响,吴贾,世界经济,2023(1),其他实证,父母与子女信息摩擦（父母认识偏差、儿童自我认识偏差）,无（连续变量）,连续变量（非冲击）,摘要未给,儿童非认知能力发展,儿童非认知能力（具体量表摘要未给）；（机制）父母陪伴时间、教育物质投入；儿童学习、家务、娱乐时间,摘要未给,摘要无法判断,无,无,自我认识偏差的影响大于父母认识偏差；用以解释部分富裕家庭对子女人力资本投资仍偏离最优,,
投资于人,TR2,TR2-001,个人所得税改革对家庭消费结构升级的影响——基于QUAIDS模型和支出弹性视角的实证分析,窦姝云,税务研究,2026(9),冲击回归,2019年个人所得税改革,2019,全国统一政策,普通DID,家庭消费结构升级,各类消费支出份额（QUAIDS估计，区分生存型、发展型、享受型；含文教娱乐、居住、医疗保健类份额）,CFPS（2016、2018、2020）,高,高质量发展；消费结构升级,无,边缘相关：教育、医疗仅以消费分项出现。在QUAIDS模型中嵌入DID；改革降低高阶生存型消费份额；低收入家庭文教娱乐份额、中等收入家庭居住份额、高收入家庭医疗保健份额上升,,
投资于人,TR2,TR2-002,公共文化资源普惠化与居民幸福感：基于博物馆发展的证据,谭靖琢,世界经济,2026(8),冲击回归,博物馆普惠化：地级市博物馆数量首次达到20家（作者构造的准自然实验）,摘要未给,分批试点或分地区推开,多期DID,居民幸福感（主观福祉）,居民主观幸福感,CFPS + 地级市博物馆数据,高,精神共富；普惠化,幸福感提升0.078个单位,边缘相关：健康仅作为机制（改善心理健康）出现。A为按博物馆数量门槛构造的事件（非政策），各市达标时间不同；幸福感随博物馆供给呈局部非连续跃增；机制为公平感知、社会资本、心理健康,,
投资于人,TR2,TR2-003,县域新型城镇化、家庭化迁移与家庭消费——基于中西部地区的分析,杨丹,财贸经济,2026(8),冲击回归,县域新型城镇化建设试点,约2014（常识）,分批试点或分地区推开,多期DID,农业转移人口家庭消费,农业转移人口家庭消费（按家庭化迁移、半家庭化迁移、个体迁移分组）,中国流动人口动态监测调查（CMDS，2012—2018）,高,扩大内需；县域新型城镇化,无,仅家庭化迁移群体消费显著提升；机制为促进县域教育发展、提高长期居留意愿（而非收入）；有教育需求、随迁子女多、新生代、近距离流动家庭更明显；落户门槛高地区更突出；关键词为交错双重差分,,
投资于人,TR2,TR2-004,有钱还需有闲？企业职工养老金政策的消费扩容效应研究,邹红,数量经济技术经济研究,2026(6),冲击回归,企业职工养老金连续上调政策,约2005（常识）,全国统一政策,强度DID,家庭消费扩容,家庭人均消费支出（食品、医疗保健、与闲暇互补的服务消费）,CHARLS + 家庭日度电子扫码数据,高,银发经济；消费扩容,无,边缘相关：健康仅作为机制（改善老年人健康）出现。机制为缓解收入约束（持久收入增加、预防性储蓄下降）与时间约束（代际同住概率下降、释放闲暇）；时间约束弱的家庭消费转化效率更高,,
投资于人,TR2,TR2-005,基础教育结果均等化改革的效应评估：以上海市为例,童健,世界经济,2026(5),冲击回归,上海市名额分配综合评价录取政策,2018,地区强度差异,强度DID,基础教育结果均等化（改革效应）,“学区房热”、家庭择校（优质教育选择空间与获取机会）、初中生源质量校际分布（具体指标摘要未给）,摘要未给,中,教育公平；基础教育均衡发展,无,原文为“广义双重差分”，上海单地政策；另构建异质性家庭教育选择竞争性均衡模型；机制为名额数量再分配与竞争优势再分配，第二梯队学校成为替代选择,,
投资于人,TR2,TR2-006,常态化财会监督体系建设与融资平台债务风险,杨柳,财政研究,2026(5),主题无关,—,—,—,—,—,—,—,—,—,—,—,,
投资于人,TR2,TR2-007,流动的福祉：南水北调与健康中国,梁超,世界经济,2026(4),冲击回归,南水北调工程通水（按通水时空差异）,约2013—2014（常识，东线2013年、中线2014年通水）,分批试点或分地区推开,多期DID,居民健康（健康收益）,中老年居民慢性病（尤其水源性疾病）患病概率；非水源性疾病患病率,摘要未给,中,健康中国；高质量发展,每年节约居民医疗支出约816亿元（成本收益分析）,机制为输送优质“南水”（水质改善）；非水源性疾病患病率无明显变化；含成本收益分析,,
投资于人,TR2,TR2-008,人工智能技术进步有助于缓解劳动力市场教育错配——来自“岗位-求职者”匹配数据的证据,于航,经济学(季刊),2026(3),冲击回归,2022年12月ChatGPT发布（AI大语言模型技术进步），按职业AI-LLM暴露程度区分处理,2022,技术冲击,普通DID,劳动力市场教育错配,纵向（学历）错配与横向（专业）错配（基于岗位—求职者匹配测度）,线上招聘平台“岗位—求职者”匹配数据（2021—2025）,高,人工智能,无,另用事件研究法；2021年以来错配整体加剧，高暴露职业纵向错配显著缓解，横向错配无显著变化；机制为岗位需求信号更清晰、技能复杂性与学历门槛提高,,
投资于人,TR2,TR2-009,个人所得税改革与中国家庭消费——基于2018年个人所得税专项附加扣除政策的分析,尹志超,管理世界,2026(3),冲击回归,2018年个人所得税改革中的专项附加扣除政策（含子女教育、赡养老人等扣除）,2018,全国统一政策,普通DID,家庭消费,家庭消费水平与消费结构,CHFS（2019、2023）,高,扩大内需；新发展格局；改善民生,无,子女教育和赡养老人专项附加扣除的消费促进作用更明显；机制为缓解流动性约束、降低预防性储蓄；对低文化水平、中老年、低社会网络家庭作用更大；专项附加扣除实际自2019年1月起执行（常识）,,
投资于人,TR2,TR2-010,春风化雨育新苗：新型城镇化建设与农业转移人口的家庭教育期望,周闯,财贸经济,2026(3),冲击回归,新型城镇化试点,约2014（常识）,分批试点或分地区推开,多期DID,农业转移人口家庭教育期望,家庭（对子女的）教育期望；拓展：随迁子女职业期望、融入城市,摘要未给,高,农业转移人口市民化；教育机会公平；新型城镇化,无,原文为交叠DID；机制为提升教育重要性认知、增强公共教育服务可及性、增加家庭收入；对受教育程度低和老一代农业转移人口效应更强，不同经济压力家庭无差异,,
投资于人,TR2,TR2-011,地方司法效能、商业信用与供应链资金流转,崔惠玉,中国工业经济,2026(2),主题无关,—,—,—,—,—,—,—,—,—,—,—,,
投资于人,TR2,TR2-012,基础教育普及与农民长期收入：来自扫盲运动的证据,冯晨,世界经济,2026(2),冲击回归,新中国成立初期针对农村居民的“扫盲运动”,摘要未给（新中国成立初期）,自然或历史,普通DID,农民长期收入（基础教育普及的长期回报）,受扫农村居民长期收入；子代收入,2005年1%人口抽样调查 + 手动搜集的历史扫盲数据,高,无,无,原文为队列DID；对女性作用更强；教育回报具有代际传递；机制为促进当地人力资本培育、增加就业机会,,
投资于人,TR2,TR2-013,统筹发展与安全的数据治理路径研究,续继,管理世界,2026(2),冲击回归,《关于引导规范教育移动互联网应用有序健康发展的意见》（教育APP备案规范）,约2019（常识）,全国统一政策,普通DID,数据治理成效（统筹发展与安全）,教育APP安全漏洞数、数据违规行为数；高低风险APP安全差距；应用市场规模与APP进入,APP产品安全检测大数据,中,统筹发展与安全；数字经济高质量发展；共建共治共享,无,边缘相关：政策属教育领域，结果为APP数据安全与市场秩序。对市场地位高的企业和受关注产品规制更有效；有助于资本与用户资源薄弱的APP进入市场,,
投资于人,TR2,TR2-014,指数基金是否稳定了股价?——来自断点回归的证据,申宇,金融研究,2026(2),主题无关,—,—,—,—,—,—,—,—,—,—,—,,
投资于人,TR2,TR2-015,子女异地升学限制对流动人口家庭迁移模式的影响,李尧,世界经济,2025(11),冲击回归,放松随迁子女异地升学限制的改革,约2012（常识）,全国统一政策,普通DID,流动人口家庭迁移模式,父母双方共同迁移（相对一方独自迁移）；儿童留守,全国流动人口动态监测数据（CMDS，2011—2018）,高,公共服务均等化,无,利用子女出生信息构造DID；改革通过缓解儿童留守推动父母共同迁移；效应与机制在不同人群间异质性显著,,
投资于人,TR2,TR2-016,多层次金融工具创新与家庭金融资产配置,李汛,中国工业经济,2025(9),主题无关,—,—,—,—,—,—,—,—,—,—,—,,
投资于人,TR2,TR2-017,被时间束缚的消费：工作时长对居民消费的影响,刘娜,数量经济技术经济研究,2025(9),主题无关,—,—,—,—,—,—,—,—,—,—,—,,
投资于人,TR2,TR2-018,司法资源配置优化与企业商业信用治理——来自民事诉讼程序繁简分流改革的证据,李增福,金融研究,2025(8),主题无关,—,—,—,—,—,—,—,—,—,—,—,,
投资于人,TR2,TR2-019,先进设备进口与人力资本积累：来自进口贴息的证据,吴双,世界经济,2025(8),冲击回归,进口贴息政策（鼓励先进设备进口）,约2007（常识）,全国统一政策,摘要未给,人力资本积累,学龄青少年接受高中教育概率；最终学历；工作（好坏）,摘要未给,中,高质量发展；高水平对外开放；教育均衡发展,无,摘要称以进口贴息政策为准自然实验，比较“受冲击较大的学龄青少年”；机制为制造业技术密集度提高、产业结构转型、技能溢价扩大；对农业户口、务农家庭、父母低教育、教育基础设施欠发达地区个体更显著,,
投资于人,TR2,TR2-020,涉农资金统筹整合与基层财政能力建设,汪鼎,财政研究,2025(7),冲击回归,原贫困县涉农资金统筹整合试点,约2016（常识）,分批试点或分地区推开,摘要未给,基层财政能力,县级（基层）财政收入增长；延伸：教育、医疗、环境卫生等公共服务的财政保障,县级面板数据（2013—2020）,中,财政可持续；财政资源统筹；产业振兴,无,边缘相关：教育、医疗仅作为财政收入增长的延伸结果出现。机制为提升产业基础能力、推动一二三产业融合；经济基础薄弱、特色产业不足、财力分配比例低、审计纠偏弱地区效果较弱,,
投资于人,TR2,TR2-021,空气质量监测与城乡健康差距,张凡,经济学(季刊),2025(5),冲击回归,设立空气质量监测站,摘要未给,分批试点或分地区推开,摘要未给,城乡健康差距,哮喘发病率（城乡差异）；预防性产品与医疗设施使用,摘要未给,中,无,无,全国1497个监测站中98.5%位于城市建成区；效应源于建站后污染物城乡分布差异；城市居民比农村居民更可能使用预防性产品和医疗设施,,
投资于人,TR2,TR2-022,战时高校内迁运动对中国近现代院士群体产出的积极影响及作用机制,王雨飞,经济学(季刊),2025(4),冲击回归,1937—1945年战时“高校内迁运动”,1937,自然或历史,普通DID,杰出人才培养（院士群体产出）,院士产出（基于1399名院士数据，具体指标摘要未给）,1399名院士数据,高,无,无,原文为队列DID；儿童青少年时期队列的人力资本积累受促进最大；渠道为自我价值与政治信仰认同、生活环境改善；国立/省立高校迁入占比高、省会城市、院士评选平台为国内大学时影响更大,,
投资于人,TR2,TR2-023,法治强化与家庭慈善捐赠：基于《慈善法》实施的准自然实验,张衡,世界经济,2025(1),主题无关,—,—,—,—,—,—,—,—,—,—,—,,
投资于人,TR2,TR2-024,劳动供给冲击与青年劳动力工资水平——来自高职扩招的证据,邢春冰,管理世界,2025(1),冲击回归,始于2019年的高职扩招（利用扩招幅度省际差异）,2019,地区强度差异,普通DID,青年劳动力工资水平,劳动密集型企业青年员工月工资；企业总用工人数；青年就业概率,摘要未给（劳动密集型企业员工数据）,高,无,扩招幅度较大省份青年员工月工资上升3.7%,以中年员工为参照组，扩招幅度按75%分位划分高低；外来务工和低教育水平员工工资增加更多；扩招减少劳动密集型企业总用工人数,,
投资于人,TR2,TR2-025,国家级大数据综合试验区设立与就业增长,沈坤荣,中国工业经济,2024(12),主题无关,—,—,—,—,—,—,—,—,—,—,—,,
投资于人,TR2,TR2-026,再生资源行业税收征管存在的问题与完善建议,杨宁,税务研究,2024(11),主题无关,—,—,—,—,—,—,—,—,—,—,—,,
投资于人,TR2,TR2-027,国家组织冠脉支架带量集采对患者医疗负担的影响,孙雅,世界经济,2024(10),冲击回归,国家组织冠脉支架带量集采,约2021（常识）,全国统一政策,断点,患者医疗负担,心脏病患者入院平均总费用、自付金额；介入手术数量、影像学检查使用率、药物球囊等未集采高值耗材使用,医疗行政数据,高,集采常态化制度化,无,集采后医院为应对利润损失增加介入手术、影像检查及未集采高值耗材使用，三级医院更明显；患者总费用和自付金额未下降；机制为医生供方诱导需求,,
投资于人,TR2,TR2-028,数字基础设施能否缩小社会经济地位的性别差距,田鸽,世界经济,2024(10),冲击回归,“宽带中国”政策（数字基础设施建设）,约2014（常识）,分批试点或分地区推开,多期DID,社会经济地位的性别差距,社会经济地位性别差距（具体指标摘要未给）；机制：人力资本与市场劳动参与的性别差距；女性就业机会与就业质量,CFPS,摘要无法判断,数字经济,无,原文为“异质性双重差分”；先构建时间配置理论模型；宏观机制为教育培训数字化、第三产业发展、性别角色观念进步；女性就业机会增加但就业质量未显著优化,,
投资于人,TR2,TR2-029,清洁能源发展的健康效应——以西气东输工程为例,王维国,数量经济技术经济研究,2024(10),冲击回归,西气东输二线工程投产运营,约2009—2011（常识，分段投产）,分批试点或分地区推开,摘要未给,公众健康（清洁能源的健康效应）,沿线地区公众健康水平（具体指标摘要未给）；福利分析：个人及地区医疗支出、当地就业,CHNS（2006—2015）,摘要无法判断,健康中国；能源供给侧结构性改革,无,效应主要在城市居民和老年人；渠道为家庭用能结构改善、企业污染减排、城市环境质量提升；“煤改气”增强健康效应,,
投资于人,TR2,TR2-030,基础教育信息化投入与教育公平——来自农村远程义务教育工程的证据,蔡伟贤,数量经济技术经济研究,2024(8),冲击回归,“农村中小学现代远程教育工程试点工作”专项投入（生均投入）,约2003（常识）,地区强度差异,摘要未给,教育公平,城乡教育差距；农村内部教育代际流动（子代与父代教育排序相关程度）,2015年全国1%人口抽样调查,高,教育公平；教育信息化,生均投入每增加百元城乡教育差距缩小约12.80%；子代与父代教育排序相关程度提高约9.52%,专项投入整体促进农村人力资本积累，但家庭教育背景好的群体受益更多（教育质量提升非均衡）；女性、家庭经济背景好的子代受益更多；地方教育投入偏好和项目管理激励影响效应释放,,
投资于人,TR2,TR2-031,中国企业上市为何舍近求远：来自IPO定价“窗口指导”的解释,林志帆,世界经济,2024(7),主题无关,—,—,—,—,—,—,—,—,—,—,—,,
投资于人,TR2,TR2-032,贸易政策不确定性何以影响个体健康?——来自CHNS数据的经验证据,周默涵,经济学(季刊),2024(6),冲击回归,中国加入WTO（贸易政策不确定性下降）,约2001（常识）,外国政策,摘要未给,个体健康,短期不适症状；长期慢性疾病患病可能性,CHNS,中,无,无,负面健康效应主要在非国企密集地区、低技术行业、低技术工人和大龄劳动力；渠道为劳动力资源再分配、工时延长、心理压力增加,,
投资于人,TR2,TR2-033,读书何以改变命运?——基于精英教育长期回报的考察,李逸飞,经济学(季刊),2024(5),其他实证,就读重点大学（以各省份年份文理科一本分数线断点识别）,—,连续变量（非冲击）,断点,精英教育长期回报,个人长期劳动力市场收入；代际转移（子女教育支出）；继续深造概率,CHIP 2018 + 各省份年份文理科一本分数线,高,教育公平；高水平大学建设,无,A为个体是否就读重点大学（二元，非政策冲击）；机制为继续深造概率提升、子女教育支出增加；对农村和西部个体更明显；受扩招等高校建设政策影响,,
投资于人,TR2,TR2-034,中国成人高等教育的劳动力市场回报——基于面板数据和事件研究方法的证据,邢春冰,经济学(季刊),2024(5),其他实证,获得成人高等教育学历（个体获得时间不同）,—,连续变量（非冲击）,多期DID,成人高等教育的劳动力市场回报,工资回报率；就业概率；获得较好工作,摘要未给（劳动者面板数据）,高,无,成人高等教育学历工资回报率约15%—19%,A为个体学历变动（非政策冲击）；同时用双向固定效应与渐进DID，标题称事件研究方法；回报率在样本期总体上升,,
投资于人,TR2,TR2-035,择优支持下的高等教育资源配置与高校技术创新,齐鹰飞,世界经济,2024(5),冲击回归,高校划转改革（高等教育择优支持重点建设高校）,约2000（常识）,全国统一政策,普通DID,高校技术创新,重点建设高校专利数量与质量；技术创新原创度与通用度；发明专利占比,高校微观数据,中,优先发展,无,A为高等教育资源配置政策，高校管理体制调整集中于1998—2000年（常识）；机制为资源再配置改善科研条件、提高科研人员效率；与地方技术结构相近高校影响较弱；财政性研发资助增强对发明专利占比的影响,,
投资于人,TR2,TR2-036,税收激励、人力资本投入与企业数字化发展,李建军,财政研究,2024(5),冲击回归,企业人力资本投入激励政策（提高职工教育经费税前扣除比例）,约2018（常识）,全国统一政策,普通DID,企业数字化发展,企业数字化转型、数字技术创新（具体指标摘要未给）；延伸：企业生产率,摘要未给,摘要无法判断,新质生产力,无,在职工教育支出比例高、劳动和技术密集型、人力资本水平高、成本和税负转嫁能力弱的企业效果更佳；机制为降低职工教育实际成本、增加职工教育经费支出、缓解融资约束并带动数字资本与研发投入,,
投资于人,TR2,TR2-037,减税激励与少儿人力资本积累——来自2011年个人所得税改革的证据,邱德馨,数量经济技术经济研究,2024(5),冲击回归,2011年个人所得税改革（减税激励）,2011,全国统一政策,三重差分,少儿人力资本积累,少儿认知能力与非认知能力,CFPS（2010—2018）,高,人才强国；共同富裕,无,另用面板事件研究法；年轻队列与年长队列少儿对比；效应存在滞后；机制为家庭教育投资和养育质量提高；中等收入、父母教育背景及初始能力较差、女孩和独生子女获益更大,,
投资于人,TR2,TR2-038,教育机会横向转移促进中西部人力资本发展,王伟同,经济学(季刊),2024(4),冲击回归,2008年支援中西部地区招生协作计划（协作计划名额占比）,2008,地区强度差异,强度DID,中西部人力资本发展（教育公平）,中西部地区高中参与率；受教育年限、工作层级、收入层级,摘要未给,中,教育公平；机会公平,名额占比每增加10个百分点，中西部高中参与率提高约5个百分点,原文为队列DID；机制为提高教育预期与教育投资意愿；主要改善资源相对匮乏地区个体的境况,,
投资于人,TR2,TR2-039,基金赚钱与投资者亏钱现象为何并存?——基于共同代理的理论解释,李学峰,金融研究,2024(4),主题无关,—,—,—,—,—,—,—,—,—,—,—,,
投资于人,TR2,TR2-040,精准扶贫政策对贫困群体主观幸福感的影响研究,黄杏子,财政研究,2024(4),主题无关,—,—,—,—,—,—,—,—,—,—,—,,
投资于人,TR2,TR2-041,防止返贫帮扶政策效果评估——基于劳动收入的视角,张鹏龙,管理世界,2024(3),冲击回归,2019年底建立防止返贫动态监测系统（防止返贫帮扶政策）,2019,全国统一政策,断点,防止返贫帮扶政策的劳动收入效应,易返贫群体劳动收入；劳动参与率、劳动工资率、劳动时间；劳动生产率、农业生产活动,中部X地级市全部建档立卡脱贫户和边缘户全样本面板（2021—2022）,高,巩固拓展脱贫攻坚成果；乡村全面振兴；内生发展动力,无,边缘相关：健康帮扶、技能培训作为子政策出现。原文为模糊断点；公益岗位、以工代赈、创业带动、劳务输出有显著收入效应，外出务工补贴和技能培训无显著效应；健康帮扶、基础设施帮扶间接提高劳动收入；对有养护压力或家庭成员健康问题的农户作用更显著；未显著提高劳动生产率，农业生产活动有所减少,,
投资于人,TR2,TR2-042,股权质押融资存在“柠檬现象”吗?——来自股价崩盘风险的证据,许晓芳,金融研究,2023(12),主题无关,—,—,—,—,—,—,—,—,—,—,—,,
投资于人,TR2,TR2-043,老农保参保经历会提升养老金预期准确性吗?——来自CHARLS的证据,吕有吉,金融研究,2023(12),主题无关,—,—,—,—,—,—,—,—,—,—,—,,
投资于人,TR2,TR2-044,农村人居环境、居民健康和医疗负担：基于“厕所革命”的研究,梁超,世界经济,2023(12),冲击回归,农村改厕（“厕所革命”，按村居改厕时间差异）,摘要未给,分批试点或分地区推开,多期DID,居民健康和医疗负担,日常患病率；医疗需求；医疗支出,CHNS,高,厕所革命；小厕所、大民生,日常患病率下降4.6%；医疗需求减少6.2%；医疗支出下降20.8%；改厕投资回报率25.6%；全面改厕年节约医疗支出超1000亿元,含成本收益分析，可为改厕补贴标准提供参考,,
投资于人,TR2,TR2-045,上医治未病：免费体检计划对老年人医疗服务与健康福利的影响,马超,管理世界,2023(12),冲击回归,面向65岁及以上老年人的“免费体检计划”,约2009（常识）,分批试点或分地区推开,多期DID,老年人医疗服务与健康福利,免费体检比率；月门诊次数、月门诊费用；全年医疗总花费；健康福利,CHARLS（2011—2018，4期）,高,新医改；预防为主,免费体检比率增加16.4个百分点；月门诊次数减少0.118次；月门诊费用下降24.1%；全年医疗总花费下降32.3%,原文为动态DID，利用政策交错推行；另用动态DID—工具变量框架测算体检价值；结合格罗斯曼模型提示健康信息机制；含成本收益分析；常识上该计划属国家基本公共卫生服务项目的老年人健康管理（2009年起，各地推行时间不一）,,
投资于人,TR2,TR2-046,数字产品贸易自由化的福利效应及渠道机制研究——来自《信息技术协议》扩表的证据,祝树金,管理世界,2023(12),主题无关,—,—,—,—,—,—,—,—,—,—,—,,
投资于人,TR2,TR2-047,劳务派遣在中国的演进历程与动力机制,鄢伟波,世界经济,2023(11),主题无关,—,—,—,—,—,—,—,—,—,—,—,,
投资于人,TR2,TR2-048,基本公共卫生服务均等化对健康公平的影响,周京奎,财政研究,2023(10),冲击回归,流动人口基本公共卫生服务均等化试点政策,摘要未给,分批试点或分地区推开,摘要未给,健康公平,流动人口整体健康水平；流动人口与本地人口健康差距；流动人口内部健康不平等,摘要未给,高,健康中国；基本公共卫生服务均等化；深化医疗体制改革,无,机制为改善健康行为和医疗服务可及性；均等化更有利于高收入流动人口的医疗服务利用，从而加剧流动人口内部健康不平等,,
投资于人,TR2,TR2-049,对口支援的政策逻辑与经济效果评估——以对口援藏援疆为例,李曦辉,管理世界,2023(9),冲击回归,对口支援政策（对口援藏援疆）,约1994（常识，援藏1994年起、援疆1997年起）,分批试点或分地区推开,多期DID,对口支援的经济效果（受援地经济增长）,西藏、新疆各地级市（州、地区）经济增长；机制：基础设施建设、教育水平、医疗水平,32个地级市面板（1990—2020）,高,中国特色；美好生活,无,边缘相关：教育、医疗作为机制与社会效果出现。另系统梳理对口支援历史演进与理论机制；基础设施为主要渠道；教育医疗渠道短期间接经济效应较弱，但对教育和医疗水平提升效果显著,,
投资于人,TR2,TR2-050,金融创新如何促进社会和谐?——来自中国医疗纠纷的证据,段白鸽,金融研究,2023(7),冲击回归,渐进式医疗责任强制保险试点,摘要未给,分批试点或分地区推开,多期DID,社会和谐（化解医患矛盾）,医疗纠纷,医疗纠纷数据,低,社会和谐；高质量发展,无,机制为责任保险使市场更完全、增进医患双方信任；作者认为这是帕累托有效的制度安排,,
投资于人,TR2,TR2-051,数字基础设施建设与金融包容性发展：中国经验,王奇,财贸经济,2023(7),主题无关,—,—,—,—,—,—,—,—,—,—,—,,
投资于人,TR2,TR2-052,公共服务均等化、教育公平与共同富裕,陈斌开,经济学(季刊),2023(6),冲击回归,撤县设区,摘要未给,分批试点或分地区推开,摘要未给,公共服务均等化、教育公平与共同富裕,学龄青少年进入高中和大学的概率、受教育年限；受影响群体长期收入、辖区收入不平等；机制：教育支出占比,摘要未给,中,共同富裕；公共服务均等化；教育公平,进入高中概率提高4.10%、大学概率提高4.88%；受教育年限增加0.29年；受影响群体长期收入提高8.67%,机制为县改区提高教育支出占比、破除教育资源行政壁垒、使被撤并县居民享受城市优质教育资源；显著降低辖区收入不平等,,
投资于人,TR2,TR2-053,电子商务会促进农户家庭的消费吗?——基于“电子商务进农村综合示范”项目的准自然实验研究,马彪,经济学(季刊),2023(5),主题无关,—,—,—,—,—,—,—,—,—,—,—,,
投资于人,TR2,TR2-054,高校扩招、过度教育与职业陷阱,沈煜,财贸经济,2023(4),冲击回归,1999年高校扩招,1999,全国统一政策,普通DID,过度教育与职业陷阱,个人处于过度教育状态的概率；职业流动性,CFPS,高,就业质量,过度教育概率提高约8%，约占平均过度教育水平的20%,原文为截面DID；过度教育提高职业流动性，但短期内具有持续性,,
投资于人,TR2,TR2-055,教师激励、基础教育发展与人力资本积累——基于中小学教师职称制度改革的实证研究,李娟,经济学(季刊),2023(3),冲击回归,中小学教师职称制度改革（试点地区）,约2009（常识，2009年试点、2015年全面推开）,分批试点或分地区推开,普通DID,人力资本积累（基础教育发展）,试点地区儿童成年后受教育年限,CFPS 2018,中,教育公平,无,机制为教师教学质量提升；对女性及经济发展水平较低地区个体影响更大,,
投资于人,TR2,TR2-056,就地城镇化的家庭收入效应——基于中国家庭金融调查(CHFS)的实证研究,肖伟,金融研究,2023(2),主题无关,—,—,—,—,—,—,—,—,—,—,—,,
投资于人,TR2,TR2-057,特大城市人口调控政策、入学门槛与儿童留守,陈媛媛,经济学(季刊),2023(1),冲击回归,2014年后城区人口500万以上特大城市的人口调控政策,2014,全国统一政策,普通DID,儿童留守,农村流动人口子女留守概率,中国流动人口动态监测调查（CMDS，2011—2016）,高,无,无,机制为义务教育阶段入学门槛提高；留守增加集中于低技能低收入家庭和义务教育阶段（尤其入学年龄）儿童,,
投资于人,TR2,TR2-058,利率市场化能降低企业营运风险吗?——基于融资约束和企业金融化的双重视角,司登奎,金融研究,2023(1),主题无关,—,—,—,—,—,—,—,—,—,—,—,,
投资于人,TR2,TR2-059,药品进口关税下调能否激励企业研发创新？——来自A股医药制造业上市公司的证据,崔惠玉,财政研究,2023(1),冲击回归,2018年药品进口关税下调,2018,全国统一政策,普通DID,制药企业研发创新,制药企业研发投入,A股医药制造业上市公司,中,无,无,边缘相关：政策属药品领域，结果为药企研发。对非国有企业更明显；融资约束起中介作用,,
房地产,FC,FC-001,住房价格变化与公积金制度属性——基于社会福利的视角,张书博,管理世界,2026(9),模型模拟,房价水平变化（不同房价下的公积金政策调整：下调贷款利率、降低首付比例、提升贷款限额）,—,连续变量（非冲击）,结构模型,公积金的社会福利效应（公积金制度属性）,模型中的社会福利（理论框架推导）,摘要未给（理论框架：租买选择、俱乐部、斯塔克尔伯格理论）,高,无,无,"门槛""拥挤""规模效应使公积金福利与房价呈""正弦曲线""关系；""提升贷款限额、降低首付比例、下调贷款利率""组合可扩大公积金正向调节的房价区间",,
房地产,FC,FC-002,加强银行债权司法保护能否促进消费信贷扩张：来自大数据查控系统建立的证据,余明桂,财贸经济,2026(9),冲击回归,"各地法院先后建立""点对点""大数据查控系统（加强银行债权司法保护）",摘要未给,分批试点或分地区推开,摘要未给,消费信贷扩张（居民消费）,中小银行消费贷款发放；居民消费（经济后果检验）,手工整理的中小银行消费贷款数据,高,消费提振；扩大消费；宏观政策取向一致性；惠民生,无,机制为降低银行贷款风险、改善社会信用环境；老年/少儿抚养比高、房价高、恩格尔系数高的地区消费增长更明显,,
房地产,FC,FC-003,从“援助之手”到“市场之手”：预算约束硬化如何重塑资本流动格局,毛晖,财政研究,2026(8),冲击回归,2014年《国务院关于加强地方政府性债务管理的意见》施行（预算约束硬化），按财力与事权匹配程度区分强度,2014,全国统一政策,强度DID,资本跨区流动格局,城市对之间的资本流动（工商注册信息中的跨区投资）,"全国工商企业注册信息数据库2010—2021，""城市对""面板",高,区域协调发展,无,改革后高匹配地区流向低匹配地区的资本显著下降，反向流动增加；机制为营商环境、政府投资和土地出让模式差距扩大；被投资地在中西部或低市场化地区时更突出,,
房地产,FC,FC-004,健全地方税体系  增强地方财政可持续性,宋生瑛,税务研究,2026(8),阐释综述,—,—,—,—,—,—,—,—,财政可持续；土地财政退出,—,—,,
房地产,FC,FC-005,贫困县“摘帽”、地价变动与政府土地出让策略,王艺明,财政研究,2026(8),冲击回归,"贫困县脱贫""摘帽""",约2016（常识，2016—2020年分批摘帽）,分批试点或分地区推开,断点,地价变动与政府土地出让策略,工业用地出让价格（县界断点）、出让方式与土地用途,土地出让微观数据,高,高质量发展；乡村振兴；土地要素市场化改革,无,"同时用DID比较摘帽前后；未脱贫时贫困县以协议方式压低工业地价""以地引资""，与相邻非贫困县存在县界价格断点，摘帽后断点消失；机制为招商引资转向择优精准扶持",,
房地产,FC,FC-006,地方财政压力、信贷干预与银行风险承担,刘贯春,管理世界,2026(7),冲击回归,地方财政压力（以房地产限购政策作为多时点冲击）,约2010（常识）,分批试点或分地区推开,多期DID,银行风险承担,区域性商业银行风险承担水平（具体指标摘要未给）,摘要未给（区域性商业银行）,摘要无法判断,高质量发展；稳增长；防风险,无,另建地方政府—商业银行—企业三期动态博弈模型；核心渠道为信贷规模干预弱化银行事前筛选，排除事后监督下降、房地产贷款减少等解释；政策冲击强度大、政府干预能力强地区及资本充足率高银行更凸显,,
房地产,FC,FC-007,资产价格与通胀感知偏差——基于数字金融发展的再思考,刘珺,金融研究,2026(6),其他实证,房价变动（资产价格），并考察数字金融发展的放大作用,—,连续变量（非冲击）,摘要未给,通胀感知偏差,基于拓展恩格尔曲线修正的居民真实生活成本与CPI之差（房价相关的通胀感知偏差）,摘要未给,低,引导市场主体预期,无,房价主要通过财富效应影响消费决策和通胀感知；房价下行周期居民感知的真实生活成本高于CPI；数字金融通过强化财富效应放大偏差,,
房地产,FC,FC-008,城市地铁建设热潮下的企业投资——兼论房地产周期变化的异质影响,蔡庆丰,中国工业经济,2026(5),冲击回归,城市地铁站点开通,摘要未给,分批试点或分地区推开,摘要未给,企业投资（过度投资）,周边上市公司投资水平、过度投资、本地投资、新设子公司数；未来投资回报,上市公司2009—2023,高,无,无,"机制为抵押品效应、经营者预期、通勤改善的要素集聚；房地产上行期主要靠抵押品效应和预期（投资性房地产增值），下行期靠要素集聚；地铁开通强化投资""地产化""倾向",,
房地产,FC,FC-009,换购住房退税政策、存量住房消费与市场流动性,王晓东,数量经济技术经济研究,2026(4),冲击回归,上海市换购住房个人所得税退税政策,约2022（常识）,全国统一政策,普通DID,存量住房消费与市场流动性,二手房交易周期、小区月度成交量、挂牌量、成交均价,上海二手房微观交易数据,高,扩大内需；提振消费；房地产市场高质量发展,无,交易周期缩短，成交量与挂牌量上升（挂牌增幅更大），成交均价温和下行；价格调整集中于面积小、房龄老、价格低的刚需属性住房,,
房地产,FC,FC-010,公众预期、政策协调与房地产金融宏观审慎政策有效性,肖争艳,金融研究,2026(4),冲击回归,房地产金融宏观审慎政策（MPR）调整，及公众房价预期的调节作用,摘要未给,宏观或信息冲击,局部投影或VAR,房地产金融宏观审慎政策有效性,房价缺口（对MPR的响应）,央行城镇储户问卷调查（房价预期）,中,预期管理；房地产高质量发展；稳定房地产市场；取向一致性,无,另建含房价预期的DSGE模型；顺周期公众预期削弱MPR效力；提高沟通频率、沟通立场与操作一致可增强效果；紧缩MPR配紧缩数量型货币政策、宽松MPR配宽松价格型货币政策效果更好,,
房地产,FC,FC-011,家庭资产负债表约束、宏观经济波动与住房调控政策有效性,孟宪春,金融研究,2026(3),模型模拟,家庭房产净值冲击（房产净值损失）；政策为盯住房价波动逆周期调整存量房贷利率,—,宏观或信息冲击,结构模型,宏观经济波动与住房调控政策有效性,模型变量：房价、家庭净资产、商业银行贷款总额、实体经济产出、房地产开发完成额,摘要未给（DSGE）,高,无,无,家庭加杠杆空间越小，资产负债表约束机制越强；逆周期调整存量房贷利率能降低偿债成本、减缓宏观波动,,
房地产,FC,FC-012,过犹不及：城乡接合部公共用地出让与城乡人口社会保障待遇,高子茗,财贸经济,2026(3),其他实证,区县城乡接合部公共用地出让占比,—,连续变量（非冲击）,摘要未给,城乡人口社会保障待遇,农村人口、流动人口社会保障待遇获得（具体指标摘要未给）,土地市场交易信息 + 中国家庭收入调查（CHIP）+ 地区经济社会数据,摘要无法判断,新发展格局；中国式现代化；城乡融合；公共服务均等化,无,倒U型关系；低比例阶段受社会保障基础制约，高比例阶段受用地内部和财政结构失衡制约；工业化、土地财政、基建投资偏向下的出让行为均有影响,,
房地产,FC,FC-013,中国财政收入占GDP比重问题剖析和对策建议——基于2015—2024年动态趋势分析,郑文平,财政研究,2026(2),阐释综述,—,—,—,—,—,—,—,—,二十届四中全会；财政可持续；宏观税负；经济韧性,—,—,,
房地产,FC,FC-014,乡镇行政区划调整的人口集聚效应：以撤镇设街道为例,张同斌,世界经济,2026(1),冲击回归,撤镇设街道（乡镇行政区划调整）,摘要未给,分批试点或分地区推开,多期DID,人口集聚,镇级人口规模；人口结构（年轻化、外来人口占比）,多源经济地理大数据 + 中国乡镇矢量地图（镇级面板）,高,新型城镇化,无,"摘要称""双重差分法""并做""处理效应异质性""检验；机制为基础设施改善、基本公共服务提高、土地出让结构改变、企业入驻增加",,
房地产,FC,FC-015,寓治理于平稳：评税技术与企业异常房产投资,霍文希,财贸经济,2026(1),冲击回归,应用房地产评税技术核定计税价格的试点,摘要未给,分批试点或分地区推开,摘要未给,企业异常房产投资,企业异常房产投资（具体指标摘要未给）；房地产价格波动,摘要未给,摘要无法判断,房地产市场平稳健康发展,无,另建企业跨期房产投资决策模型（含逃税不确定性）；房价波动剧烈或财政自给率高地区、短期借款率低或审计风险高企业更显著；机制为挤出、警示、规制效应；与其他房地产调控政策有协同,,
房地产,FC,FC-016,地方政府债务限额管理与融资平台市场化转型——基于政府行为与企业运营视角,吉富星,中国工业经济,2025(11),其他实证,地方政府债务限额管理（债券空间留存度、债务杠杆）,约2015（常识）,连续变量（非冲击）,摘要未给,融资平台市场化转型,融资平台运营效率；市场化业务开展、财政补贴依赖（经济后果）,地级市数据2015—2022（融资平台）,中,防范化解地方政府债务风险,无,机制为减弱上级财政依赖、改善法治环境、减少有息债务压力、缓解土地财政参与风险；一般债的效果优于专项债,,
房地产,FC,FC-017,文物保护对土地出让的影响——基于考古前置改革的分析,张圣哲,财贸经济,2025(11),冲击回归,"土地出让领域考古前置改革（""先考古、后出让""）",摘要未给,分批试点或分地区推开,多期DID,土地出让,土地出让均价、土地出让收入、土地出让面积,全国城市层级数据2010—2023,高,无,无,"摘要称""逐步推行""并用工具变量估计DID；提高出让均价和收入、对面积影响不大；机制为降低企业考古遵从成本",,
房地产,FC,FC-018,资产价格与银行信贷配置,姜可心,金融研究,2025(10),其他实证,房价变动（房地产价格）,—,连续变量（非冲击）,摘要未给,银行信贷配置,银行对企业的信贷供给（逐笔贷款）；非房地产企业贷款,某股份制商业银行2010—2021年逐笔贷款数据,高,金融服务实体经济,无,房价上升提升银行对企业信贷供给，抵押品渠道起重要作用；未对非房地产企业贷款产生明显挤出,,
房地产,FC,FC-019,财力性资源、地方政府债务风险和财政可持续：基于统筹的视角,孙琳,财贸经济,2025(9),其他实证,财力性资源价值（土地、矿产资源；剩余征地空间）,—,连续变量（非冲击）,摘要未给,地方政府债务风险与财政可持续,地方政府隐性债务余额；矿产资源开采率,摘要未给,中,二十届三中全会；财政资源和预算统筹；财政可持续,无,另建理论模型；资源价值增加加大举债动机、提升隐性债务；剩余征地空间减少时高矿产资源地区提高开采率,,
房地产,FC,FC-020,海南自由贸易港印花税、契税制度改革创新的思考,刘磊,税务研究,2025(9),阐释综述,—,—,—,—,—,—,—,—,海南自由贸易港,—,—,,
房地产,FC,FC-021,国民账户体系视角下数据资产统计测度研究,朱发仓,财贸经济,2025(8),测度,无,—,无,无,数据资产（数据资本存量与服务流量）及其经济贡献,数据资本存量净额与总额、数据资本服务量、增长核算中的贡献率,摘要未给,高,高质量发展；新旧增长动能,2020—2022年数据资本、R&D资本、计算机及通信设备平均贡献率之和54.57%,数据资本缓冲了建筑物及房地产的负向贡献,,
房地产,FC,FC-022,住房租赁制度改革对居民消费倾向的影响：基于2017年“租购并举”政策的经验研究,刘守英,经济研究,2025(8),冲击回归,"2017年""租购并举""政策（住房租赁制度改革）",2017,分批试点或分地区推开,普通DID,居民消费倾向,家庭消费倾向,微观家庭调查数据 + 城市住房市场信息（调查名称摘要未给）,高,扩大内需；租购并举；保障和改善民生,无,"另构造家庭收入和试点城市工具变量、排除同期政策；机制为""预期效应""""产权效应""""权利效应""；租房、单套房家庭及农村居民、流动人口消费倾向提升",,
房地产,FC,FC-023,新增值税分成激励与制造业企业“脱虚返实”,谢贞发,世界经济,2025(7),冲击回归,2016年新增值税分成改革（央地五五分成）,2016,全国统一政策,强度DID,"制造业企业""脱虚返实""",企业金融化水平；实体投资和实体业务规模,制造业上市公司,中,现代化产业体系；实体经济；新发展阶段,无,地方政府通过固定资产投资、土地出让和税费优惠引导；企业长期利益导向约束管理层金融投机,,
房地产,FC,FC-024,商住用地出让与地方融资平台债务的结构性扩张,吴海军,财政研究,2025(6),其他实证,商住用地出让收入,—,连续变量（非冲击）,摘要未给,地方融资平台债务结构性扩张,融资平台有息债务、银行贷款、城投债,地方融资平台企业微观数据2008—2022 + 城市宏观数据,高,防范和化解地方政府隐性债务风险,无,2019年前商住用地（非工业用地）出让收入促进平台有息债务扩张，主要靠抵押担保获取银行贷款；财政压力大城市、高风险平台更显著；2018年后此渠道难以为继,,
房地产,FC,FC-025,城市房价与流动人口相对集中度,李松林,世界经济,2025(6),其他实证,城市（CBD）房价,—,连续变量（非冲击）,摘要未给,流动人口相对集中度,流动人口相对本地人口的集中度,地块交易数据、新住宅销售项目数据、人口抽样调查、全国流动人口动态监测数据,高,无,城市房价每提高1%，流动人口相对集中度约提高2.9%—3.5%,另建空间一般均衡框架；机制为流动人口在户籍地的住房消费替代,,
房地产,FC,FC-026,“土地稳定器”：一个政府房地产交易的新机制,张勇,数量经济技术经济研究,2025(6),模型模拟,"政府逆周期房地产交易机制（""土地稳定器""，政府回购存量房地产）替代土地财政",—,全国统一政策,结构模型,宏观经济波动与产出（土地财政替代方案）,模型变量：宏观经济波动、预期产出,摘要未给（校准DSGE）,高,无,"用""土地稳定器""替代""土地财政""使每年预期产出增加0.61个百分点",房地产金融加速器为主要传导机制；逆周期政府房地产交易增强货币政策稳定效果；背景为鼓励各级政府回购存量房地产,,
房地产,FC,FC-027,城市安居工程的企业创新效应——基于上市公司周边保障性住房建设的实证发现,蔡庆丰,数量经济技术经济研究,2025(6),其他实证,上市企业周边保障性住房供应面积（保障性住房建设）,—,连续变量（非冲击）,工具变量,企业创新,企业创新绩效、创新投入比重、员工创新效率；全要素生产率,中国土地市场网保障性住房建设数据（20万余条）+ 上市公司,中,房地产业未来发展新模式；惠民生；创新驱动发展,无,工具变量用于稳健性；距城市核心区近、行政等级高城市更显著；地铁扩大影响范围；提升TFP和创新溢出,,
房地产,FC,FC-028,以链养税：供应链本地化建设的财税激励逻辑,谢贞发,中国工业经济,2025(5),冲击回归,2016年新增值税分成改革,2016,全国统一政策,强度DID,供应链本地化,企业本地采购,摘要未给,高,产业链供应链韧性；财税体制改革,无,国企、非服务业、低供应链集中度企业更显著；机制为土地出让、税费优惠、信贷支持和政府补助；2019年留抵退税推广后地方用差异化退税引导采购,,
房地产,FC,FC-029,老龄化对财政支出政策有效性的影响研究——基于政府债务的视角,陈小亮,中国工业经济,2025(5),其他实证,人口老龄化程度（对财政支出冲击效应的影响）,—,连续变量（非冲击）,局部投影或VAR,财政支出政策有效性,财政支出冲击对投资（制造业、基建、房地产；国有与民间）和消费的影响,摘要未给,中,宏观经济治理,无,以财政支出冲击为局部投影的冲击变量；影响主要体现在投资端；机制为老龄化→政府债务率升高→财政支出政策有效性下降,,
房地产,FC,FC-030,减税政策的区域异质性投资效应,刘勇政,经济研究,2025(5),冲击回归,固定资产加速折旧政策（中央减税）,约2014（常识）,全国统一政策,摘要未给,企业投资（区域异质性）,工业企业投资,中国工业企业数据,高,区域均衡发展,无,投资促进效应集中于发达地区；发达地区可靠城投债和增加土地出让筹资支撑减税，欠发达地区可能减少政策落实、加强征管,,
房地产,FC,FC-031,投机性预期视角下的房价波动与宏观经济周期,张同斌,经济学(季刊),2025(4),模型模拟,基于学习效应的投机性预期；政策为引入房地产税,—,宏观或信息冲击,结构模型,房价波动与宏观经济周期,模型变量：房价、消费、实体部门产出、财政收入,摘要未给,高,脱实向虚,无,投机性预期产生泡沫、放大周期；房地产税可抑制投机、稳定周期，但趋势上导致总产出显著下滑,,
房地产,FC,FC-032,行政区划改革如何差异化影响土地资源配置,张星铜,中国工业经济,2025(4),冲击回归,撤县设区,摘要未给,分批试点或分地区推开,摘要未给,土地资源配置,"住房用地出让面积、土地出让金总额、住房与工业地价及""剪刀差""、工业和基础设施用地供应规模",微观土地交易数据,高,区域协调发展,无,东部和大城市推高住房地价、压低工业地价；中西部和小城市扩大住房用地供给；远离中心的撤县设区导致住房用地扩张、基础设施用地减少,,
房地产,FC,FC-033,“安居”方能“乐业”：租赁住房供给与稳就业,唐飞鹏,数量经济技术经济研究,2025(4),冲击回归,租赁住房供给扩张政策,摘要未给,摘要未给,摘要未给,稳就业,租赁住房实际供给量、实际租金、人口流入、从业规模；企业雇佣规模,摘要未给,高,租购并举；稳就业；“安居”方能“乐业”,无,"另建理论模型；租房市场活跃或公共服务优良城市更明显；对毗邻城市有溢出、有滞后；机制为员工""减负增收""、企业""降本节流""",,
房地产,FC,FC-034,房地产市场调整、银行资产负债表与货币政策应对,高崧耀,金融研究,2025(3),模型模拟,房地产需求下降冲击（房价下降）；政策为下调存款准备金率、下调存量房贷利率,—,宏观或信息冲击,结构模型,银行资产负债表与信贷供给,模型变量：商业银行净资产、信贷供给、土地出让收入、家庭消费,摘要未给（另有经验事实与实证）,高,无,无,房价下降→地价和土地出让收入下降→非房部门资产价格下降→银行净值下降、信贷收缩；下调存量房贷利率提升消费但降低银行净值，应补充资本金,,
房地产,FC,FC-035,寻找经济稳健之匙：房地产价格波动与金融稳定的系统性研究——《房地产价格与中国金融稳定：指数构建、DSGE分析与实证研究》评介,张菀洺,财贸经济,2025(3),阐释综述,—,—,—,—,—,—,—,—,灰犀牛,—,—,,
房地产,FC,FC-036,新闻共现网络与房地产企业信用债风险,方意,财贸经济,2025(3),其他实证,房地产企业新闻共现网络关联（风险网络溢出）,—,连续变量（非冲击）,局部投影或VAR,房地产企业信用债风险,房地产信用债交易数据隐含的风险溢价,69万余条房地产企业互联网新闻文本（自建文本）+ 房地产信用债交易数据,中,金融十六条；新五条,无,"方法为网络向量自回归（NAR）；网络在全球金融危机前后由""大而少""转为""小而多""；低评级、低现金、商业信用需求高供给低的房企更显著；""金融十六条""""新五条""等稳融资政策显著降低风险外溢",,
房地产,FC,FC-037,减税政策与地方预算统筹,张牧扬,管理世界,2025(3),冲击回归,2017—2019年增值税减税政策（按增值税依赖度区分受冲击程度）,2017,全国统一政策,摘要未给,地方预算统筹,一般公共预算调入资金规模；土地出让收入；赤字依赖度与债务负担,231个地级市财政预决算数据,高,深化财税体制改革；财政资源和预算统筹；积极财政政策,无,摘要以增值税依赖度（受减税影响程度）对比地区，未点名估计方法；地方为应对减税主动提升土地出让收入以支撑调入资金；调入资金降低赤字依赖度与债务负担,,
房地产,FC,FC-038,环境事权上划与地方政府的土地出让行为——基于县级环保部门垂直化改革的准自然实验,白秀叶,数量经济技术经济研究,2025(3),冲击回归,省以下环保部门垂直化改革（县级环保部门挂牌，环境事权上划）,约2016（常识）,分批试点或分地区推开,摘要未给,地方政府土地出让行为,污染密集型行业土地出让规模；污染密集型企业进入,县级环保部门挂牌数据 + 微观地块出让数据,高,绿色转型,无,机制为省级上收监测监察提高监管能力、市级上收执法提高执法能力；财政压力小、治污压力大地区更显著；未能顺利实现清洁产业转型，地方经济短期受冲击,,
房地产,FC,FC-039,美联储紧缩性货币政策与中国债券市场风险——来自企业双币种发债的微观证据,余明桂,中国工业经济,2025(2),冲击回归,2022年美联储加息（紧缩性货币政策），经企业美元债渠道传导,2022,外国政策,摘要未给,中国债券市场风险,人民币信用债风险溢价（违约风险）；银行借款、固定资产投资、劳动雇佣,2021—2022年境内信用债月度交易数据（双币种发债企业）,中,防范化解金融风险；稳定债券市场预期,无,渠道为增加偿债成本、加剧流动性约束；房地产企业债券、民企债券、剩余期限长、高杠杆、高信息不对称企业更明显,,
房地产,FC,FC-040,房地产企业美元债融资：动机与企业风险,朱菲菲,中国工业经济,2025(2),冲击回归,资管新规（按贷款加权的影子银行敞口区分强度）,约2018（常识）,全国统一政策,强度DID,房地产企业美元债融资动机与企业风险,房企美元债发行规模；流动性风险、土地投资效率、经营风险,A股上市房地产企业境外美元债发行数据（手动匹配）+ 境内经营数据,高,房地产发展新模式；高水平对外开放；发展与安全,无,另用工具变量；与影子银行业务占比大的银行关联密切的房企美元债发行更多（规避监管动机）；境外融资缓解流动性风险但降低土地投资效率、提高经营风险,,
房地产,FC,FC-041,房价变动、资产配置与居民健康,高明,金融研究,2025(2),其他实证,房价变动（房价增长率与波动率）,—,连续变量（非冲击）,摘要未给,居民健康与资产配置,个体健康水平（具体指标摘要未给）；健康投资支付能力与意愿,CFPS,摘要无法判断,紧平衡,无,"另建含内生住房和健康决策的生命周期模型并用家庭数据校准，影响呈非线性；背景为医保基金""紧平衡""",,
房地产,FC,FC-042,城市人口规模与政府供地结构：纳入民生设施用地的新视角,徐航天,经济研究,2025(2),其他实证,城市常住人口增长（人均新增用地供给约束）,—,连续变量（非冲击）,摘要未给,政府供地结构,民生设施用地出让占比；工业、居住等用地出让占比,2007—2020年城市人口增长和土地出让数据,高,以人民为中心；城市高质量发展；保障和改善民生,无,另建含民生设施用地的政府土地配置决策模型；原因为民生设施用地容积率低且难上调、人均民生设施用地难下调,,
房地产,FC,FC-043,新一轮财税体制改革背景下的地方税体系建设构想,方胜,税务研究,2025(2),阐释综述,—,—,—,—,—,—,—,—,新一轮财税体制改革；中国式现代化,—,—,,
房地产,FC,FC-044,房地产调控的风险溢出效应——来自融资平台购地的证据,曹婧,管理世界,2025(1),冲击回归,房地产贷款集中度管理（房地产信贷调控收紧）,约2021（常识）,全国统一政策,摘要未给,房地产调控的风险溢出（房地产风险外溢至隐性债务风险）,融资平台购地金额和面积、地块溢价率与区位；平台偿债压力和盈利能力,2016—2021年微观土地交易数据 + 融资平台财务信息,中,新发展模式；统筹好发展和安全；隐性债务风险；房地产调控长效机制；防范房地产业引发系统性风险,无,平台主要低溢价购置郊区地块托底土地市场；较少开展抵押融资和开发，靠地方返还部分出让金缓解流动性；偿债压力加大、盈利弱化,,
房地产,FC,FC-045,中国基层财政重点税源的分布、演变与建设,席鹏辉,世界经济,2024(12),测度,无,—,无,断点,基层财政重点税源的分布、演变与建设,前十大企业税收贡献比重、重点税源行业分布；企业税负水平（断点部分）,摘要未给（县区级财政/企业税收数据）,高,基层财政紧平衡；税收治理的现代化,欠发达地区前十大企业贡献税收比重超过80%，发达地区为65%,测度之外，以基层第一大税源行业批发零售业企业为样本做断点回归：纳税规模较大企业税负显著提升，与税收遵从无关；重点税源集中于批发零售、基本民生、产品供销失衡和房地产相关行业,,
房地产,FC,FC-046,“电区房”的溢价效应：来自微观房屋交易信息的证据,赵小磊,世界经济,2024(12),冲击回归,"住房周边公共充电设施建成（""电区房""）",摘要未给,分批试点或分地区推开,多期DID,房价溢价,住房交易价格,2012—2020年北京市312631条住房交易数据（另含6个样本城市）,高,无,电区房溢价3.0%～4.4%；距充电设施1.2～1.6公里时溢价最高达12.0%,"摘要称""享乐价格模型和广义队列双重差分""；机制为空气质量和交通流量；门头沟、房山、顺义最显著，6城中上海最明显、唐山最小",,
房地产,FC,FC-047,市级政府撤县设区行为的土地出让收入逻辑,李永友,管理世界,2024(12),冲击回归,市级政府撤县设区（2008—2019年）,摘要未给,分批试点或分地区推开,摘要未给,撤县设区的土地出让收入逻辑,建设用地指标空间配置（中心城区商住开发）；中心与外围城区房价联动,摘要未给（市级，2008—2019）,中,科学的宏观调控、有效的政府治理,无,撤县设区集中撤并县管理权，将建设用地指标配置到溢价更高的中心城区用于商住开发；空间一体化基础设施强化中心—外围房价联动,,
房地产,FC,FC-048,土地、住房与城市经济增长：一个综合分析框架,李超,财贸经济,2024(11),模型模拟,地方政府土地供给结构策略（压低工业地价、提高工业用地比重、压缩居住用地）,—,连续变量（非冲击）,结构模型,城市经济增长与住房市场,理论模型：城市经济增长、房地产价格,摘要未给（空间经济学理论框架）,高,稳地价、稳房价和稳预期,无,土地引资促进增长，但压缩居住用地从供需两端推高房价；解释增长快的城市房价也高,,
房地产,FC,FC-049,非标违约与城投债发行定价,刘津宇,中国工业经济,2024(10),冲击回归,地区首次发生融资平台非标资产违约,摘要未给,市场或企业事件,多期DID,城投债发行定价（平台市场化转型）,城投债发行利差、溢价率；平台经营风险与投资效率,2015—2022年城投债发行和非标资产违约数据,高,一揽子市场化化债政策；防范化解重大金融风险,无,"隐性担保预期高、房地产投资占比高地区更显著；机制为隐性担保预期下降；地方非市场化救助强化""刚兑信仰""",,
房地产,FC,FC-050,消费刺激还是债务积压：房贷利率政策的时长依赖性,宁磊,中国工业经济,2024(10),模型模拟,房贷利率下降（短期下降 vs 长期下降）,—,宏观或信息冲击,结构模型,家庭消费（消费刺激还是债务积压）,模型变量：家庭消费、房价、家庭债务、家庭流动性,摘要未给（异质性家庭动态离散选择生命周期模型）,高,新发展格局；扩大内需；宏观经济治理,无,短期降息以收入效应为主；长期降息时替代、债务积压、预防性储蓄效应占优，消费先升后降并低于初始，房价最终高于初始稳态，家庭债务持续上升,,
房地产,FC,FC-051,关于居民、企业和政府部门收入计算口径和影响因素的拓展研究——基于税务数据观察江苏国民收入分配格局演变,张爱球,财政研究,2024(10),测度,无,—,无,无,居民、企业、政府部门收入口径与国民收入分配格局,基于税务数据收入法核算的部门增加值与GDP、各部门收入占比,税务数据 + 部分公共数据（江苏2018—2022）,高,无,税务数据核算GDP占统计部门公开数据95.67%—97.83%；居民收入占比增加3.01个百分点，企业和政府收入占比分别减少1.95和1.06个百分点,劳动者报酬增加和税收下降推升居民收入占比；生产税净额下降和土地出让金变化对政府收入影响较大,,
房地产,FC,FC-052,环境管理制度改革与地方政府的策略性供地行为,李卫兵,世界经济,2024(9),冲击回归,政府环保机构扁平化改革（环境管理制度改革）,摘要未给,摘要未给,三重差分,地方政府策略性供地行为,县级政府向水污染密集型企业出让的边界地区土地面积；挂牌出让面积；出让价格,摘要未给（土地出让数据）,高,无,无,处理组为城市外圈且有河流覆盖的县；仅能约束任期初期官员，无法抑制任期末期官员的晋升激励供地；抑制污染转移,,
房地产,FC,FC-053,空气质量、产业协同与城市群内房价溢出效应,方意,金融研究,2024(9),其他实证,城市空气污染（空气质量恶化）,—,连续变量（非冲击）,摘要未给,城市群内房价溢出效应,自构城市房价溢出指标（网络节点同步性）；城市房价,摘要未给,高,空气质量全面改善,无,机制为物理扩散和产业协同；中心大城市多为系统重要性城市；环保政策间接维护房地产市场稳定,,
房地产,FC,FC-054,短期信贷与银企双向寻租：存在证据与形成机制,李惠竹,经济研究,2024(9),其他实证,企业短期信贷配置,—,连续变量（非冲击）,工具变量,银企双向寻租（租金成本）,超额手续费和招待差旅费；资本投资效率、研发投资,2008—2023年沪深A股上市公司,中,金融供给侧结构性改革,无,稳健性用产业政策和资管新规外生冲击、房价相关抵押品价值工具变量；宽松货币政策、金融市场化、资产专用性和民营属性抑制寻租,,
房地产,FC,FC-055,生产网络视角下的中国经济周期,黄益平,经济研究,2024(9),其他实证,行业冲击（行业生产率冲击）,—,宏观或信息冲击,局部投影或VAR,中国经济周期（经济波动）,总体经济波动的行业来源（源头行业识别）,中国行业生产率数据库（CIP/China KLEMS）1978—2018,高,无,无,方法为带异质性约束的贝叶斯SVAR，另建理论模型；少数主导行业驱动大部分波动；建筑和房地产部门是生产网络关键节点，自身冲击广泛传导并放大上下游冲击,,
房地产,FC,FC-056,中国城市体系的演变与发展路径优化,魏守华,经济研究,2024(9),模型模拟,通勤成本、迁移摩擦、集聚效应、区位基础、城市间房价差异的反事实变化,—,连续变量（非冲击）,结构模型,城市体系演变与发展路径,模型/反事实：各级城市人口规模、城市体系集中度、社会总产出与公平,摘要未给（量化空间均衡模型结构估计）,高,大中小城市协调发展；都市圈；城市群,无,"消除城市间房价差异有助于提升特大及以上城市人口；均匀化促公平降产出，集中化反之；建议""稳两头、促中间""",,
房地产,FC,FC-057,货币政策、企业金融资产配置与资本收入份额,高蓓,经济研究,2024(8),其他实证,货币政策宽松程度,—,连续变量（非冲击）,摘要未给,企业资本收入份额,企业资本要素收入份额,2007—2019年A股非金融非房地产上市公司,高,无,无,企业金融资产配置加剧宽松货币政策的影响；渠道为资本深化和推高股价；小规模、高融资约束、劳动密集型企业上升更快,,
房地产,FC,FC-058,地方政府偿债压力、企业异地投资与资本要素市场一体化,陈俊华,中国工业经济,2024(7),其他实证,地方政府偿债压力,—,连续变量（非冲击）,摘要未给,资本要素市场一体化,企业异地投资比例、同地投资比例,2005—2022年城市—企业层面数据,中,超大规模市场；要素市场化统一配置,无,另建政企博弈模型；机制为地方渴求税收和土地出让收入等可偿债财力，激励高利税、高土地出让贡献企业留在本地；差异化征管与补贴、投资环境不确定性和社会信用下降,,
房地产,FC,FC-059,外部货币冲击与金融稳定——基于近代白银法案的经验研究,李嘉楠,金融研究,2024(7),冲击回归,1934年美国《白银法案》造成的银根紧缩,1934,外国政策,普通DID,金融稳定,价格（通缩）、流动性、金融信贷投放规模、新增企业数量、房地产建筑面积,手动收集的近代中国价格、银行、海关和企业数据,中,无,无,"历史冲击；白银外流造成通缩与流动性危机，信贷下降、新增企业减少、房地产建筑面积萎缩；""自由银行""体系难以及时释放流动性",,
房地产,FC,FC-060,工业用地出让、要素流动与地区间产出不平衡：基于地区间土地竞争的视角,程宇丹,经济研究,2024(7),模型模拟,地区禀赋差距扩大下的地方政府工业用地出让策略；政策为限制发达地区建设用地指标、土地指标跨地区交易,—,连续变量（非冲击）,结构模型,地区间产出不平衡,模型变量：工业用地占比、资本边际回报、地区间产出差距、福利,摘要未给（地方政府最优化模型）,高,土地市场改革,无,价格、数量、比例三种调控方式等价；限制发达地区建设用地指标可改善不平衡，土地指标跨地区交易可降低效率损失、提高各地福利,,
房地产,FC,FC-061,土地市场降温与地方政府债务风险：来自区县级数据的证据,周佳音,数量经济技术经济研究,2024(7),冲击回归,土地市场降温（土地流拍增加、土地出让收入下降）,摘要未给,地区强度差异,强度DID,地方政府债务风险,地方政府债务风险（具体指标摘要未给）；土地流拍、土地出让收入；长期债券发行、借新还旧比重,中国区县级数据,摘要无法判断,财政可持续；防范化解地方政府债务风险,无,机制为土地流拍增加、出让收入下降的财力渠道；地方偏好发长期债、增加借新还旧比重；城投债存量高地区更受冲击，财政收入质量高地区能抵御,,
房地产,FC,FC-062,房价波动对地方政府债务稳定性的影响——基于隐性担保和支出效率的分析,王劲松,金融研究,2024(6),模型模拟,房价波动冲击（纳入隐性担保与地方政府支出效率差异）,—,宏观或信息冲击,结构模型,地方政府债务稳定性,"模型变量：地方政府债务稳定性（""房价—地方债""反馈）",摘要未给（DSGE）,高,防范化解地方政府债务风险；高质量发展；中国式现代化,无,土地财政是房价波动影响地方债稳定的关键体制性因素；隐性担保和支出低效加剧影响；提高支出效率削弱反馈机制,,
房地产,FC,FC-063,中国金融机构的行业布局与系统性金融风险,杨子晖,世界经济,2024(6),其他实证,金融机构行业布局（差异化、专业化、金融暴露、房地产暴露）,—,连续变量（非冲击）,摘要未给,系统性金融风险,基于极值理论分解的机构系统性金融风险,38家上市商业银行、52家资本市场服务机构,高,无,无,行业布局为自行测度；差异化、高金融暴露、高房地产暴露布局风险较大；专业化布局降低风险,,
房地产,FC,FC-064,从“居者有其屋”到“住有所居”——保障性租赁住房的经济与福利效应,李博,经济学(季刊),2024(5),模型模拟,保障性租赁住房实施方案（青年人租房补贴、增加土地供应或租房供给）,—,全国统一政策,结构模型,保障性租赁住房的经济与福利效应,模型变量：租金、房价、住房服务、存款、消费、青年人福利,摘要未给（异质性个体多部门世代交叠模型）,高,住有所居；居者有其屋,无,保障性租赁住房提升租房需求、降低自有住房需求，租金上升、房价下降；补贴青年人租房福利显著改善，配合增加土地或租房供给效果更好,,
房地产,FC,FC-065,人才引进政策、劳动力优化配置与制造业智能化,余明桂,中国工业经济,2024(5),冲击回归,2016—2019年多地出台的人才引进政策,2016,分批试点或分地区推开,摘要未给,制造业智能化,企业工业机器人投资；高技能劳动力雇佣；市场占有率、经营绩效,摘要未给（制造业企业）,中,党的二十大；人才强国；新型工业化；制造强国；高质量发展,无,政策增加高技能劳动力供给且未抬高雇佣成本；措施多元、针对性强时效应更强；房价较高城市效应更大,,
房地产,FC,FC-066,政府绩效考核体系转型与城乡协调发展,顾昕,经济研究,2024(5),冲击回归,"区县政府绩效评价取消GDP考核权重（破除""唯GDP主义""）",摘要未给,分批试点或分地区推开,多期DID,城乡协调发展（共享发展）,城乡居民收入增长、城乡收入差距,2008—2019年县域面板数据,中,高质量发展；共享发展；巩固拓展脱贫攻坚成果同乡村振兴的有效衔接；城乡协调发展,无,"截至2022年末495个区县取消GDP考核权重，摘要称""双重差分法""；另建多任务委托—代理模型；代之以农村偏向""指挥棒""效应更强；机制为第一产业、农村土地出让的初次分配和社会救助支出的再分配",,
房地产,FC,FC-067,从“脆弱性”到“韧性”：中国经济在险增长的脆弱性溯源与韧性解构,隋建利,中国工业经济,2024(4),测度,无,—,无,无,在险增长的脆弱性与经济韧性,在险增长（增长尾部风险）及风险来源时变贡献；L型收缩、U型抵抗等区制概率,摘要未给,高,新发展阶段；三重压力；经济韧性,无,方法为风险来源时变贡献分解与分型马尔科夫区制转移模型；房价增速驱动力由正转为较大负值；房地产和地方政府债务因素对未来增长风险预警更灵敏,,
房地产,FC,FC-068,住房保障制度、流动人口家庭消费与社会融入——基于公租房准入条件的模糊断点回归分析,孙伟增,金融研究,2024(4),冲击回归,获得公租房（公租房准入条件门槛）,约2010（常识）,全国统一政策,断点,流动人口家庭消费与社会融入,住房成本、非住房消费、总支出与储蓄；社会融入感知与融入意愿；流入地购房需求,摘要未给（流动人口家庭）,高,改善民生,无,"模糊断点；""收入效应""大于""区位效应""；未增加流入地购房需求；对高教育、年轻、未婚劳动力有显著促消费和社会融入效应",,
房地产,FC,FC-069,中国特色对口帮扶及其效应研究：来自珠三角“飞地经济”的证据,汤玉刚,财贸经济,2024(4),冲击回归,"珠三角城市对口帮扶粤东西北（""飞地经济""共建产业园区与利益分享机制）",摘要未给,分批试点或分地区推开,摘要未给,对口帮扶效应,帮扶双方双边投资关联,工商注册数据 + 土地出让数据,中,共同富裕；区域平衡发展,无,借助对口帮扶网络关系设计自然实验；利益分享机制增强帮扶激励；双方距离越近效果越好,,
房地产,FC,FC-070,地方公共债务与企业不动产投资：效应与机制,谢申祥,经济研究,2024(4),其他实证,地方公共债务扩张,—,连续变量（非冲击）,摘要未给,企业不动产投资,企业不动产投资倾向,2007—2018年上市公司,高,高质量发展,无,机制为债务扩张挤占信贷、加剧企业融资竞争，企业增加不动产投资以提高抵押品；主要影响成长期后企业和制造业企业,,
房地产,FC,FC-071,住房公积金降费的稳就业效果及其解释,万海远,管理世界,2024(4),冲击回归,下调住房公积金最低缴存比例（公积金降费）,摘要未给,摘要未给,摘要未给,稳就业,企业公积金支出、企业雇佣需求；企业家发展预期,企业家主观调查数据（其余摘要未给）,高,稳就业；就业是最基本的民生；提振企业发展预期,无,降费提振企业预期，民营企业预期改善和就业促进更明显（更视公积金为成本）；劳动密集型与现金流缺乏企业更敏感；逆向讨论公积金制度属性,,
房地产,FC,FC-072,土地空间配置、地方政府债务分化与区域协调发展,赵扶扬,数量经济技术经济研究,2024(4),模型模拟,城镇建设用地供给向中西部倾斜（土地空间配置）及土地、劳动力再配置方案,—,全国统一政策,结构模型,地方政府债务分化与区域协调发展,模型变量：地区产出与人均收入差距、地方政府债务分化、房价分化,摘要未给（动态一般均衡模型）,高,区域协调发展；高质量发展；中国式现代化,无,摘要称该倾斜始于2003年；偏向中西部的土地配置缩小产出与收入差距但带来债务分化、房价分化；同时推动土地和劳动力向优势地区集聚才能实现多重目标,,
房地产,FC,FC-073,征管技术和征管意愿对纳税遵从度的影响效果——以二手房交易税收征管为例,李科杨,经济学(季刊),2024(3),冲击回归,应用房地产评估技术核定二手房交易计税价格（提高征管能力）,摘要未给,分批试点或分地区推开,摘要未给,纳税遵从度,二手房交易逃税程度；住房市场景气、土地出让收入,摘要未给（二手房交易数据）,高,深化税收征管改革,无,A类型据FC-015摘要（同一评税技术以试点推行）；改进征管技术导致住房市场萧条、制约土地出让收入；土地财政依赖度越高效果越弱，征管意愿比征管技术更关键,,
房地产,FC,FC-074,为什么住宅用地与工业用地的价格差距不断扩大?,廖谋华,经济学(季刊),2024(3),其他实证,地方政府土地财政依赖程度、住房供应垄断能力,—,连续变量（非冲击）,摘要未给,住宅用地与工业用地价格差距,住宅与工业用地成交价格差异,2007—2016年住宅和工业用地成交数据,高,无,无,另建含地方政府招商引资竞争的理论模型，核心机制为需求弹性差异,,
房地产,FC,FC-075,地方政策不连续与容积率规制——来自城市土地出让的证据,秦蒙,经济学(季刊),2024(3),冲击回归,地方官员变更带来的政策不连续,摘要未给,市场或企业事件,摘要未给,容积率规制,住宅用地容积率限值；住宅用地出让面积,2005—2015年5.1万余条住宅用地出让数据（Python提取）,高,无,无,官员变更为地方政治事件，A类型归入事件类；效应在北方和东部更明显，仅存在于政策不连续发生当年；可能因住宅用地出让面积减少,,
房地产,FC,FC-076,安居才能乐业：保障房建设对企业人力资本积累的影响,蔡庆丰,世界经济,2024(3),其他实证,企业周边保障房供给量,—,连续变量（非冲击）,摘要未给,企业人力资本积累,企业高学历人才占比,中国土地市场网保障房建设数据（20万余条）+ 企业数据（来源摘要未给）,中,租购并举；新市民；高质量发展,企业周边保障房供给量每提升1个标准差，高学历人才占比提升9.1%,保障房缓解高房价对人才的挤出效应，激励企业增加人力资本投入,,
房地产,FC,FC-077,收入不确定性、家庭部门资产负债表调整与宏观经济波动,宁磊,管理世界,2024(3),模型模拟,收入不确定性冲击（失业风险升高、收入波动性增加）,—,宏观或信息冲击,结构模型,家庭部门资产负债表调整与宏观经济波动,模型变量：消费、储蓄、房产需求、提前还款、房价、家庭债务,2015Q1—2022Q4宏观季度数据；新冠疫情前后省份数据（实证部分）,高,高质量发展；有效需求不足；恢复和扩大消费,无,实证部分显示不确定性冲击触发家庭资产负债表调整；不完全市场异质性代理人模型显示收入波动性增加降低房产需求、激发提前还款，造成房价下降、债务收缩、消费疲软与储蓄激增并存,,
房地产,FC,FC-078,资产泡沫及其政策应对：一个文献综述,陆毅,世界经济,2024(2),阐释综述,—,—,—,—,—,—,—,—,无,—,—,,
房地产,FC,FC-079,空间发展模式与中国城市增长——基于几何形态视角的考察,王峤,经济学(季刊),2024(2),其他实证,城市几何形态（空间形态松散化）,—,连续变量（非冲击）,摘要未给,城市增长,城市人口、工资、房价、经济效率增长,摘要未给,高,新型城镇化,无,机制为降低居留意愿、内部可达性、现代化基础设施供给、环境质量和集聚经济,,
房地产,FC,FC-080,污染信息公开与公众的回应——来自房地产市场的证据,蒙莉娜,经济学(季刊),2024(1),冲击回归,污染企业信息公开披露,摘要未给,宏观或信息冲击,摘要未给,公众对污染信息公开的回应（支付意愿）,污染企业周边住宅小区交易价格,2009—2018年20座城市5000个住宅小区交易数据,中,无,无,不同污染类型影响差异大；污名效应使企业退出后周边小区支付意愿仍持续下降,,
房地产,FC,FC-081,股票市场与债券市场的风险联动与预测研究——基于机器学习的前沿视角,杨子晖,金融研究,2024(1),测度,无,—,无,无,股债风险联动与风险预测,股票与债券市场尾部风险联动（多元多分位数CAViaR）、风险预测误差,摘要未给,高,风险早识别、早预警、早暴露、早处置,无,"方法为分位数回归与分位数梯度提升等机器学习；多数行业为""债市风险→股市风险""单向预测，房地产等行业存在双向预测",,
房地产,FC,FC-082,房价外推预期和长租需求——基于住房租赁合同数据的实证分析,李尚宸,金融研究,2024(1),其他实证,区域房价增速（房价外推预期）,—,连续变量（非冲击）,摘要未给,长租需求,租客到期续约概率；续租搬家后的租金与房源品质,北京某大型长租平台2015—2019年40万份租赁合同 + 周边二手房交易数据,中,无,无,"以2017年北京市限购政策前后对比：限购后房价增速快的区域续约率更高，限购前相反；续租搬家者换到更高租金、更好品质房源，呈""以租代购""",,
房地产,FC,FC-083,地方政府竞争行为、土地财政与经济波动,周慧珺,经济研究,2024(1),模型模拟,地区房产需求冲击（经地方政府竞争传导）,—,宏观或信息冲击,结构模型,经济波动,模型变量：地方财政收入、公共支出、产出、消费（脉冲响应）,摘要未给（两地区多部门波动模型）,高,无,无,房产需求冲击经房地产部门传导至地方财政收入和公共支出；央地信息不对称下地区竞争使冲击溢出并放大整体波动；拓展含劳动供给、行业间配置、央地税收分成,,
房地产,FC,FC-084,防范“脱实向虚”的另一面：契税税率下调与企业房产投机,唐飞鹏,数量经济技术经济研究,2024(1),冲击回归,地方政府下调契税税率（《契税暂行条例》《契税法》授权的税率自由裁量调整）,摘要未给,分批试点或分地区推开,摘要未给,"企业房产投机（""脱实向虚""）",实体企业房产投机行为（具体指标摘要未给）；创新投资、设备投资、寻租支出,摘要未给（实体企业）,摘要无法判断,脱实向虚；高质量发展；实体经济,无,"融资紧、税费负担重、股价风险高、市盈率低企业及营商环境平庸、土地财政依赖高地区更显著；机制为""蓄水池""效应和替代效应；挤进创新和设备投资、挤出寻租支出",,
房地产,FC,FC-085,破产法庭设立、债权人保护与地方性商业银行风险,胡诗阳,经济研究,2023(12),冲击回归,破产法庭设立,约2019（常识）,分批试点或分地区推开,多期DID,地方性商业银行风险,地方性商业银行风险（具体指标摘要未给）；信用与担保贷款比例、高科技与房地产行业贷款、利润效率,2016—2021年地方性商业银行,摘要无法判断,高质量发展；营商环境,无,机制为降低破产时间成本、提高重整率，以及媒体信号影响银行风险预期；贷款集中度高、非国有银行更显著；减少对房地产行业贷款,,
房地产,FC,FC-086,金融科技的经济稳定器作用：金融加速器理论的视角,王红建,经济研究,2023(12),其他实证,金融科技发展,—,连续变量（非冲击）,摘要未给,经济稳定器作用（实体经济运行稳定）,上市企业投资波动,上市企业,中,跨周期调控,无,机制为减少银企信息不对称、降低抵押品重要性、弱化金融加速器；非国企、房价波动大、金融监管更严地区更显著,,
房地产,FC,FC-087,经济开放、金融开放与双支柱调控的政策工具组合研究,马勇,金融研究,2023(11),模型模拟,存款人住房偏好冲击、国外房价冲击等外生冲击下的双支柱政策组合（拓展型货币政策、动态LTV、动态资本充足率）,—,宏观或信息冲击,结构模型,双支柱调控政策组合效果（经济稳定与金融稳定）,模型变量：政策损失、经济稳定与金融稳定目标,摘要未给（开放经济DSGE）,高,双支柱调控,无,住房偏好冲击下盯住贷款总量的拓展型货币政策配两种宏观审慎工具较合适；国外房价冲击下传统货币政策配两种宏观审慎工具更优；开放度影响最优组合,,
房地产,FC,FC-088,央行言辞沟通与银行信贷投放：总量与结构效应,王宇伟,金融研究,2023(11),其他实证,央行言辞沟通（方向）,—,连续变量（非冲击）,摘要未给,银行信贷投放（总量与结构）,商业银行信贷投放总量；分行业信贷（政府平台、房地产、制造业）,2012—2021年46家商业银行数据,高,预期管理；金融供给侧结构性改革；服务实体经济,无,宽松方向沟通影响强于紧缩方向；宽松沟通带来的信贷增量主要流入政府平台和房地产；2018年深化金融供给侧结构性改革后信贷结构明显改善,,
房地产,FC,FC-089,中国财富机会不平等的测度与源泉识别——兼论共同富裕的路径选择,孙三百,金融研究,2023(11),测度,无,—,无,无,财富机会不平等及其源泉,平均对数偏差衡量的财富不平等；机会不平等占比；Shapley分解的环境因素贡献率,CHFS,高,共同富裕,房价增长率、户籍类型、金融可得性、青少年时期地区类型、省份经济发展水平和父辈受教育水平合计贡献率超过85%；教育间接渠道对各出生组贡献率均超过10%,"方法为事前参数法、机器学习构建""反事实""财富与Shapley值分解；建议优化住房调控政策",,
房地产,FC,FC-090,大数据下经济在险增长测度与风险探源研究,郑挺国,经济研究,2023(11),测度,无,—,无,局部投影或VAR,经济在险增长与风险来源,正则化混频分位数回归测度的在险增长；高维TVP-VAR和网络拓扑识别的风险来源,宏观大数据（混频）,高,供给侧结构性改革；稳增长；防风险,无,国际金融危机后房地产因素逐渐成为经济增长主要风险源，供给侧结构性改革后有所缓解但仍居主要位置；2009年后财政政策对稳增长、防风险的重要性比货币政策更突出,,
房地产,FC,FC-091,城市住房成本对异质技能劳动力的两期筛选效应,张世伟,财贸经济,2023(11),其他实证,城市房租与房价（住房成本）,—,连续变量（非冲击）,摘要未给,异质技能劳动力流动（技能筛选）,劳动力流入城市、定居意愿（分技能）,摘要未给,中,租购并举；区域经济协调发展,无,另建两期流动模型；房租不阻碍流入、无筛选效应；房价降低定居意愿且对低技能挤出更强（候鸟式流动）；就业流动、跨省流动和农业户口低技能劳动力受影响较大,,
房地产,FC,FC-092,非对称性户籍改革下农民工户籍选择与农地使用效率,王琼,经济研究,2023(10),其他实证,城市公共服务均等化程度、土地预期价值,—,连续变量（非冲击）,摘要未给,农民工户籍选择与农地使用效率,农民工保留农业户籍；土地流转、耕地撂荒,摘要未给,中,公共服务均等化,无,"另建理论模型（户籍与城市公共服务脱钩、农业户籍不与土地权益脱钩的非对称改革）；""人地分离""是耕地撂荒的重要原因",,
房地产,FC,FC-093,房地产投资与教育、收入差距：兼论理性选择的非理性结果,庞小冬,世界经济,2023(9),冲击回归,2008年房地产调控政策放松（房地产投资扩张）,2008,全国统一政策,强度DID,教育决策与教育、收入差距,教育选择（弃学）、代际教育流动性、城乡教育差距、收入差距,CGSS + 中国城市统计年鉴 + 城市官员特征数据,高,共同富裕,无,"摘要称""出生队列双重差分模型及工具变量法""；房地产投资扩张诱发弃学，农村内部代际教育流动性下降、城乡教育差距扩大；投资收缩时收入差距凸显",,
房地产,FC,FC-094,勒紧裤带还是放手花钱：住房限购政策与中国城镇居民消费,申洋,世界经济,2023(9),冲击回归,住房限购政策,约2010（常识）,分批试点或分地区推开,普通DID,城镇居民消费,一套房家庭、二套房家庭消费,中国城镇住户调查（UHS）,高,无,无,"限购城市一套房家庭消费显著下降，集中于有""小升初""孩子和低收入家庭；有成年孩子的二套房家庭不受影响",,
房地产,FC,FC-095,人口流动视角下的最优土地配置与财政政策,傅春杨,财贸经济,2023(9),模型模拟,政府土地配置与财政政策规则（对房地产企业征税、对非房地产企业补贴）,—,全国统一政策,结构模型,最优土地配置与财政政策,模型变量：各地区住宅与工业用地配置、福利与产出、住宅与工业地价差,摘要未给（异质性个体空间一般均衡模型）,高,无,无,人口流动摩擦小或重视产出时高收入地区应多配住宅用地；最优财政组合为对房企征税、补贴非房企；住宅地价内生高于工业地价,,
房地产,FC,FC-096,房价升值预期、财富幻觉与家庭消费——基于《国六条》的证据,王岳龙,数量经济技术经济研究,2023(9),冲击回归,2006年5月《国六条》对90平方米以下中小户型的税收和信贷优惠（提高升值预期）,2006,全国统一政策,断点,家庭消费（房价升值预期与财富幻觉）,家户消费支出及分项（食品、衣着、医疗保健）；信贷约束,CHFS + CFPS（2010—2017）,高,预期管理；消费结构升级,预期住房价格增加1%，家庭消费支出上升1.07%,"断点为90平方米户型；过度预期形成""财富幻觉""强化影响；潜在住房财富增加未改变信贷约束",,
房地产,FC,FC-097,水资源约束缓解与区域经济增长——来自“南水北调”工程的经验证据,谢泽宇,数量经济技术经济研究,2023(9),冲击回归,南水北调中线工程通水,约2014（常识）,分批试点或分地区推开,普通DID,区域经济增长与城市扩张,县级夜间灯光亮度、建成区面积占比、地下水位增长率；招商引资、人口吸引力,2009—2020年京津冀豫县级夜间灯光、土地覆盖、地下水位监测井、企业注册和土地出让数据,中,党的二十大；高质量发展,受水县经济发展水平提升6.1%，建成区面积占比提升0.671个百分点，地下水位增长率提高1.329个百分点,"关键词含""合成DID""；另建水资源约束理论模型；机制为招商引资能力和人口吸引力提升",,
房地产,FC,FC-098,地方融资平台债务风险传导机制与政策应对,马勇,中国工业经济,2023(8),模型模拟,"地方融资平台""土地金融""与庞氏融资能力变化；政策为债务本金削减、宏观审慎、LTV、资本充足率政策",—,宏观或信息冲击,结构模型,地方融资平台债务风险传导与政策应对,模型变量：经济波动、平台违约风险、金融稳定、地价稳定,摘要未给（明斯基框架DSGE）,高,无,无,平台打通财政从金融部门汲取资源的路径，产生宽信用效果；庞氏融资能力随债务积累减弱；本金削减配宏观审慎可同时改善金融稳定与地价稳定；庞氏能力丧失时盯住信贷的资本充足率政策更优,,
房地产,FC,FC-099,家庭住房需求弹性和最优房产税设计,徐彤,经济研究,2023(8),模型模拟,房产税设计方案（模型）；住房需求弹性估计利用房屋交易契税税率断层,—,全国统一政策,结构模型,家庭住房需求弹性与最优房产税设计,家庭住房需求价格弹性（群聚估计）；模型：房地产市场均衡价格、家庭住房选择,住房贷款发放数据 + 家庭调查数据,高,无,无,以契税税率断层用群聚分析估计住房需求价格弹性，再建异质性家庭房地产市场均衡模型；设计房产税须考虑均衡价格变动和避税动机下的住房选择,,
房地产,FC,FC-100,去杠杆政策下房地产企业的销售分化及其对债务风险的影响,万晓莉,财贸经济,2023(8),冲击回归,三道红线（房企去杠杆融资限制）,约2020（常识）,全国统一政策,普通DID,房企销售分化及其债务风险,房企销售额（百强房企及1044个楼盘）；可售存货供应；经营现金流,中国百强房企及其所属1044个楼盘,高,去杠杆；三道红线,无,"背景为2021年恒大等26家百强房企陷入财务困境；""三道红线""提高国有房企销售、降低民营房企销售；机制为融资限制压缩可售存货供应，房企档次成为风险信号抑制购房需求；过严融资限制恶化经营现金流、反而提高债务风险",,
房地产,FC,FC-101,在线劳动力市场、异地办公与中国区域经济布局,王永进,数量经济技术经济研究,2023(8),模型模拟,异地办公（数字化劳动力市场）的出现,—,技术冲击,结构模型,区域经济布局（人口与经济布局）,模型预测：居住与就业人口分布、劳动力空间配置效率、房价、地区间贸易,摘要未给（量化空间一般均衡模型）,高,党的二十大；数字经济和实体经济深度融合；住有所居；区域经济协调发展；数字强国,无,异地办公使居住人口向中西部、就业人口向东部沿海聚集；降低房价上涨趋势；小城市进一步发展,,
房地产,FC,FC-102,“挤入”还是“挤出”:基础设施投资对居民消费的影响,闫芷毓,世界经济,2023(7),其他实证,基础设施投资,—,连续变量（非冲击）,摘要未给,居民消费,省级居民消费；富裕家庭消费、房价（微观）,省级宏观数据 + 微观家庭数据（名称摘要未给）,高,无,无,"另建动态消费决策模型；通过收入和预期渠道""挤入""消费；住房供给弹性低的省份基础设施投资推升房价、降低富裕家庭消费（财富渠道""挤出""）并扩大财富差距",,
房地产,FC,FC-103,政社合作开发模式下的土地出让价格策略及激励机制,陈思霞,经济研究,2023(7),冲击回归,政社合作产业新城开发（产城开发）,摘要未给,分批试点或分地区推开,普通DID,土地出让价格策略,新城内外土地出让价格（住宅用地尤甚）；房产与非房产企业经营绩效,产业新城园区空间边界 + 中国土地市场网土地交易微观信息,高,无,无,"新城内土地价格显著高于新城外同类土地；地方政府与社会资本财政收入激励相容，园区依赖土地出让收入分摊开发成本，呈""以房养园""",,
房地产,FC,FC-104,随迁还是留守：异地入学门槛对农村流动人口子女的影响,王茹,经济学(季刊),2023(6),其他实证,流动人口子女义务教育入学门槛指数,—,连续变量（非冲击）,摘要未给,农村流动人口子女随迁还是留守,流动人口学龄子女留守概率,摘要未给（自建入学门槛指数）,高,新型城镇化；城乡融合,入学门槛能解释留守概率区域差异的9.2%,流入一二线城市、住房或教育价格高、母亲受教育低的子女和女孩更不利；积分制入学缓解房价的不利影响；2014年以来户籍改革降低留守概率,,
房地产,FC,FC-105,房价控制与工业污染：来自房地产市场乱象治理的证据,文强,世界经济,2023(6),冲击回归,"2018年7—12月""治理房地产市场乱象专项行动""（控制房价政策，试点城市）",2018,分批试点或分地区推开,普通DID,工业污染,试点城市房价水平；工业污染程度（具体指标摘要未给）,摘要未给,摘要无法判断,无,无,地方政府为应对房价控制对土地财政的负向冲击放松环境监管发展工业；促进地区创新、加强环境规制可遏制该污染效应,,
房地产,FC,FC-106,劳动力空间类分和选择效应存在吗——异质性集聚理论的实证检验与机制分析,孙三百,财贸经济,2023(6),其他实证,劳动力技能水平（异质性）；城市落户门槛与房价,—,连续变量（非冲击）,一般回归,劳动力空间类分与选择效应,流入特大、超大等不同规模城市的概率,2014—2017年全国流动人口动态监测数据（CMDS）+ 2014、2016年中国劳动力动态调查（CLDS）,高,无,高技能劳动力流入特大和超大城市的概率比低技能劳动力分别高8.8%和2.4%,模型为多元有序Probit；城市落户门槛与高房价降低该概率（城市选择效应）；机制为异质性劳动力集聚收益差异,,
房地产,FC,FC-107,集体建设用地入市如何影响国有建设用地市场?——基于机器学习的新证据,闫昊生,数量经济技术经济研究,2023(6),冲击回归,农村集体经营性建设用地入市改革（试点）,约2015（常识）,分批试点或分地区推开,合成控制,国有建设用地市场,国有建设用地出让金、出让面积、单位价格,2007—2018年国有建设用地出让数据,高,城乡统一的建设用地市场,无,"摘要称""机器学习与合成双重差分""；改革提升集体与国有土地替代性，减少国有土地出让面积和出让金，单价无显著影响；未显著改变市场结构",,
房地产,FC,FC-108,“腾笼换鸟”的房价效应：以老工业区搬迁改造为例,石绍宾,数量经济技术经济研究,2023(6),冲击回归,"济南东部城区老工业区搬迁改造（""腾笼换鸟""）",摘要未给,分批试点或分地区推开,普通DID,房价效应,二手房挂牌价格；房租；挂牌交易数量,济南市2010—2017年二手房挂牌交易数据,高,党的二十大；高质量发展；区域协调；城市更新；共同富裕；民生福祉,溢价程度约为4.6%,效应随时间增强、随距离减弱；机制为人口聚集和公共服务改善；抬高房租，对挂牌交易量无显著影响,,
房地产,FC,FC-109,城市发展的行政制约：城区边界、公共品与房价,张航,经济学(季刊),2023(5),其他实证,靠近城区（区级）行政边界,—,连续变量（非冲击）,摘要未给,城区边界效应与房价,住房和土地价值（边界 vs 腹地）；区政府与市政府主导公共品的空间密度,上海市住房和土地交易数据,高,无,城区边界效应辐射上海31.48%以上的城市空间,程度受统筹力度和财政能力影响，随边界改变而消散；成因为区政府间协调不足，区主导公共品在边界密度更低，市统筹公共品无此效应,,
房地产,FC,FC-110,人地匹配视角下我国住宅用地供给的空间效率分析——兼论用地指标跨区域交易的作用,李小帆,经济学(季刊),2023(5),模型模拟,与人口流向相悖的住宅用地供给（向中西部和中小城市倾斜）；反事实为用地指标跨区域交易,—,全国统一政策,结构模型,住宅用地供给的空间效率,模型/反事实：大城市房价、人口聚集、实际GDP、居民总体福利,摘要未给（新经济地理模型结构式估计）,高,无,无,住宅用地供给空间效率低，抬升大城市房价、阻碍人口聚集、降低实际GDP和福利；允许大城市向中小城市购买用地指标可大幅改善效率,,
房地产,FC,FC-111,房产税改革的经济与福利效应：基于异质性个体模型的研究,李博,世界经济,2023(5),模型模拟,房产税改革（含征收面积减免方案）,—,全国统一政策,结构模型,房产税改革的经济与福利效应,模型变量：资产结构、消费、房价、租金、实体经济、分群体福利,摘要未给（异质性个体世代交叠模型）,高,无,无,长期优化资产结构、刺激消费、降低房价、提振实体经济，低收入群体福利改善最明显；短期房价快速下降、租金上升，高财富群体当期有福利损失；面积减免削弱影响,,
房地产,FC,FC-112,城市房价与企业间高技能人才流动——基于在线简历大数据的实证研究,周怀康,金融研究,2023(5),其他实证,城市房价,—,连续变量（非冲击）,摘要未给,企业间高技能人才流动,高技能人才企业间流动概率（城市内、跨城市）,上市企业员工在线简历大数据,高,高质量发展；都市圈,城市房价每提高1%，高技能人才企业间流动概率降低4.24%,"房价""锁定效应""；东部沿海、都市圈中心、超大特大城市，国企、高薪、成熟期企业，25～35岁及管理、技术人才更显著；跨城市流动中主要抑制流向更高房价城市",,
房地产,FC,FC-113,地方政府自主发债是否有利于提升地区经济发展质量?——基于地方债全面“自发自还”改革的准自然实验分析,洪源,金融研究,2023(5),冲击回归,"地方债全面""自发自还""改革（""开前门""""堵后门""）",约2015（常识）,全国统一政策,摘要未给,地区经济发展质量,地区经济发展质量（具体指标摘要未给）；民生性公共产品供给、基础设施投资、土地财政依赖、资源配置与要素投入效率,摘要未给,摘要无法判断,高质量发展,无,"开前门增加民生性公共产品和基础设施有效投资（规模效应）；""堵后门""缓解债务挤出、降低土地财政依赖（结构效应）",,
房地产,FC,FC-114,房地产税的宏观经济效应与分配效应研究,杨耀武,经济研究,2023(5),模型模拟,引入房地产税（税率、免征额调整，消费税向房地产税的税制结构转换）,—,全国统一政策,结构模型,房地产税的宏观经济效应与分配效应,模型变量：消费、总产出、收入和财富分配差距,中国数据校准（具体来源摘要未给）,高,无,无,总产出随税率呈倒U型，房地产和总财富分配差距随税率提高而扩大；合理免征额是改善分配的关键；配合税制结构转换可改善分配并促进消费,,
房地产,FC,FC-115,土地财政、基建投资扩张与生产率下降,梅冬州,经济学(季刊),2023(4),模型模拟,地方政府土地财政行为（房价上升带来的财政收入流向基建部门、土地抵押融资）,—,连续变量（非冲击）,结构模型,生产率下降（TFP对增长的贡献）,模型变量：TFP对经济增长贡献率、资源配置效率、研发转化激励,摘要未给（多部门DSGE）,高,无,无,摘要称2008年以来TFP贡献下降；财政收入流向基建部门降低配置效率；土地抵押融资抬高非基建部门资金成本、降低新技术应用的预期收益,,
房地产,FC,FC-116,行政中心的“土地溢价”效应——来自中国地方政府驻地迁移的证据,卢盛峰,经济学(季刊),2023(4),冲击回归,地方政府驻地迁移,摘要未给,分批试点或分地区推开,三重差分,"行政中心的""土地溢价""效应",单位土地价格（随与政府驻地距离变化）,2002—2019年地方政府驻地迁移信息 + 土地出让数据,高,无,无,"三重差分维度为""城市—年份—地理距离""；机制为周边交通基础设施建设、人口和产业集聚；地方政府对土地的重视程度削弱距离变远导致的地价下降",,
房地产,FC,FC-117,中国式影子银行对于地方融资平台债务的定价机制研究,邵新建,金融研究,2023(4),其他实证,城市土地交易价格与土地流拍事件；影子银行刚性兑付能力,—,连续变量（非冲击）,摘要未给,影子银行对地方融资平台债务的定价,政信合作类信托产品向融资平台收取的信用利差（融资成本、风险溢价）,2010—2017年信托公司为178个城市融资平台发行的政信合作类投资产品,高,无,无,土地价格越高信用利差越低，土地流拍显著提高融资成本；财政过度依赖土地出让金提高风险溢价；国有产权强化刚兑预期，新《预算法》弱化该关系；地理关联降低风险补偿,,
房地产,FC,FC-118,房价对家庭债务和财富分布的影响：理论机制与应对策略,孟宪春,经济研究,2023(4),模型模拟,房价上涨（信贷驱动型、收入驱动型、需求驱动型）,—,宏观或信息冲击,结构模型,家庭债务和财富分布,模型变量：家庭债务与财富分布结构、中低收入购房家庭财富分配权重,摘要未给（动态一般均衡模型）,高,无,无,"信贷驱动型房价上涨的抑制作用更强（中低收入购房家庭债务扩张乘数效应）；收入和需求驱动型改善分布；建议以""家庭负债收入比""为信号动态监管房贷",,
房地产,FC,FC-119,产业集聚视角下土地财政对城市空间扩张质量的影响研究,莫长炜,财贸经济,2023(4),其他实证,土地财政（依赖程度），以产业集聚为调节,—,连续变量（非冲击）,摘要未给,城市空间扩张质量,自构城市空间扩张质量指数（夜间卫星灯光+人口密度）,2005—2013年285个城市夜间卫星灯光和人口密度数据,中,无,无,产业集聚水平低时土地财政引致低质量扩张；经济发展水平低、要素集聚能力弱、依靠大面积土地出让的城市更显著,,
房地产,FC,FC-120,扩大内需战略目标下提升居民消费潜力的税收政策,刘华,税务研究,2023(4),阐释综述,—,—,—,—,—,—,—,—,扩大内需；新发展格局,—,—,,
房地产,FC,FC-121,行政区扩张、土地出让依赖与城市发展质量——基于卫星灯光数据的准实验研究,梁若冰,经济学(季刊),2023(3),冲击回归,撤县设区（行政区扩张）,摘要未给,分批试点或分地区推开,摘要未给,城市发展质量,夜间灯光测算的城市蔓延面积与平均灯光亮度,夜间卫星灯光数据,低,无,无,撤县设区导致城市蔓延面积增加、平均灯光亮度下降；原因为地方政府过于关注土地出让财政收入与引资竞争,,
房地产,FC,FC-122,“稳房价”与“调结构”双重目标下的房价调控政策研究,赵扶扬,经济学(季刊),2023(3),模型模拟,房价波动冲击；对比六种房地产调控政策（需求侧、供给侧、增加商品房供应、无产权保障性住房供给等）,—,宏观或信息冲击,结构模型,"稳房价与""调结构""（宏观经济结构性波动）",模型变量：房价、宏观经济结构、福利,摘要未给（DSGE）,高,稳房价,无,金融摩擦和土地用途分割是关键传导；需求侧调控矫正结构但抑制福利，供给侧提高福利但投入较多；短期增加商品房供应刺激投资性购房，提高无产权保障房供给可克服两难,,
房地产,FC,FC-123,债务风险传染的多重网络研究,杨子晖,金融研究,2023(3),测度,无,—,无,无,债务风险传染（跨区域与跨行业）,基于债券信用利差构建的多重网络（城投债、产业债）及系统重要性,债券信用利差数据（城投债与产业债）,高,金融服务实体经济；国家金融安全,无,方法为网络合成技术；中西部在债券市场系统重要性较高；产业债市场中房地产部门已成为最重要风险源；区域贸易关联主要通过产业债市场影响传染,,
房地产,FC,FC-124,土地供给、房价与劳动力空间配置效率,王丽莉,经济学(季刊),2023(2),模型模拟,2000年起土地供给向中西部倾斜、东部大城市建设用地规制趋严（住房供给弹性）,—,全国统一政策,结构模型,劳动力空间配置效率,模型/反事实：房价、人口迁移、劳动力空间错配造成的总产出损失,地级市数据（空间均衡模型）,高,无,劳动力空间错配导致2010年经济总产出损失3%—4%,摘要称该倾斜始于2000年；建设用地指标管控决定住房供给弹性；放松东部大城市土地规制可改善劳动力配置效率,,
房地产,FC,FC-125,能源价格与房地产市场波动——来自中国地级市层面的经验证据,王振霞,金融研究,2023(2),其他实证,能源价格波动,—,连续变量（非冲击）,摘要未给,房地产市场波动,地级市房价波动,中国地级及以上城市数据,高,无,无,机制为利率影响购房需求、建设成本影响供给；大城市和超大城市更明显；非对称：能源价格上涨加剧房价波动，下跌影响不显著,,
房地产,FC,FC-126,财政压力、土地资源的行业配置与集聚效应,白秀叶,财贸经济,2023(2),其他实证,短期财政压力,—,连续变量（非冲击）,摘要未给,土地资源行业配置与集聚效应,自构土地出让行业分散度指标；重点扶持行业优先供给；集聚经济,全国微观地块交易数据,高,新发展理念；新发展阶段,无,财政压力越大土地出让行业分散度越高，损害优先供给重点扶持行业的政策倾向并削弱集聚经济,,
房地产,FC,FC-127,“孔雀东南飞”:经济高质量发展与人才流动,李磊,数量经济技术经济研究,2023(2),其他实证,城市人均GDP（经济发展水平）,—,连续变量（非冲击）,摘要未给,"人才流动（""孔雀东南飞""）",城市内高校招生分数线,2006—2018年高校招生分数线数据 + 高校科技统计数据 + 城市统计数据,低,经济高质量发展,无,摘要称做了内生性处理；机制为提高城市吸引力和高校吸引力；高房价、物价上升和交通拥堵抑制经济发展水平对考生的吸引力,,
房地产,FC,FC-128,信贷增长如何影响中国的收入和财富不平等,邹静娴,金融研究,2023(1),其他实证,信贷增长,—,连续变量（非冲击）,摘要未给,收入和财富不平等,家庭收入不平等、劳动收入与单位时薪、各收入组房产价值差异,CFPS,高,无,无,信贷增长通过提高中低收入群体劳动收入和时薪缩小收入不平等；非货币金融资产差距渠道不明显；房价上涨扩大不同收入家庭的房产价值差异,,
房地产,FC,FC-129,政府会计监督与银行信贷行为研究——基于财政部会计信息质量随机检查的证据,祝继高,管理世界,2023(1),冲击回归,财政部会计信息质量随机检查（政府会计监督）,摘要未给,分批试点或分地区推开,摘要未给,银行信贷行为,贷款集中度、房地产行业贷款比例、不良贷款率、财务业绩,2004—2020年138家商业银行,高,财会监督；防范化解重大金融风险,无,机制为识别信贷管理与核算问题；执法力度强、延伸检查会计师事务所、媒体关注强时效应更强，并对同地区未检查银行有警示；市场化低地区、未跨省经营、非上市、独董比例低银行更强,,
生育,SY,SY-001,重复截面数据下的计量分析工具——拟事件研究法的理论逻辑与中国实践,黄炜,数量经济技术经济研究,2026(9),阐释综述,—,—,—,—,—,—,—,—,无,—,—,,
生育,SY,SY-002,公共教育投入、家庭人力资本投资与生育决策,罗楚亮,经济研究,2026(6),模型模拟,公共教育投入及公共教育均等化（世代交叠模型中的政策变量）,—,无,结构模型,生育决策；家庭人力资本投资；收入不平等,模型内生变量：总和生育率、家庭私人教育投资、子女陪伴时间、收入不平等（非实测）,摘要未给,高,公共教育均等化；积极生育观,无,公共教育投入替代家庭私人教育投资与子女陪伴时间、降低养育成本从而提高总和生育率；均等化提高低人力资本家庭的公共教育可及性、降低收入不平等；降低养育时间成本和树立积极生育观也可提高生育率,,
生育,SY,SY-003,健全育幼服务支持体系对高质量就业的促进作用,袁璐璐,数量经济技术经济研究,2026(6),冲击回归,企业育儿设施供给（雇主是否提供育儿设施）,摘要未给,市场或企业事件,普通DID,高质量就业（女性就业福利与职业发展）,女性员工工资水平；性别工资差距,中国居民收入分配课题组2023年城镇住户调查（CHIP）,中,健全育幼服务支持体系；人口长期均衡发展；高质量就业；生育友好型社会；生育支持体系,无,数据为2023年单年调查，双重差分的分组方式摘要未给；异质性：育儿需求强、企业福利保障弱、居住地附近缺托育资源的女性效应更大；机制：延长有效劳动供给时间、改善健康、提升专用性人力资本；有助于缩小性别工资差距,,
生育,SY,SY-004,人工智能技术进步与人口增长,王钰冰,世界经济,2026(5),模型模拟,人工智能技术进步（市场部门脑力/体力工作偏向型；家庭部门生育数量/质量偏向型）,—,无,结构模型,人口增长,模型内生变量：人口数量增长率、人口质量增长率（结合中国数据模拟，非实测）,中国数据（用于模拟，具体来源摘要未给）,高,人口高质量发展,无,市场部门经性别工资差距、家庭部门经数量—质量替代影响人口增长；脑力工作偏向型和生育数量偏向型AI提高人口数量增长率但降低质量增长率，生育质量偏向型AI可对冲,,
生育,SY,SY-005,个人所得税改革对提升生育意愿的效应分析,黄春元,税务研究,2026(4),冲击回归,2019年起实施的个人所得税改革（提高基本减除费用标准、引入六项专项附加扣除）,2019,全国统一政策,摘要未给,生育意愿,家庭生育意愿（具体度量摘要未给）,摘要未给,高,生育支持政策体系,无,机制：减轻家庭经济压力；异质性：中等收入家庭效应尤为突出；建议按抚养子女数差异化基本减除费用、提高3岁以下婴幼儿照护扣除额度、按教育阶段差异化子女教育扣除、探索负所得税式补助,,
生育,SY,SY-006,消费习惯、生育选择与中国经济增长,杜浩锋,世界经济,2026(3),模型模拟,消费习惯（收入增长放缓时为维持消费习惯而减少生育）；政策实验为补贴降低养育成本,—,无,结构模型,生育选择；经济增长,模型内生变量：总和生育率、长期经济增长（定量分析，非实测）,摘要未给,高,生育支持政策,消费习惯引致的生育行为变化可解释中国2017—2023年约1/3的总和生育率下降,内生增长模型含生育决策与人力资本积累；政府补贴降低养育成本可提高生育率、带动长期增长，消费习惯强度越高效果越明显,,
生育,SY,SY-007,激励投资于人的税收制度与政策优化——基于人口发展趋势视角,薛钢,税务研究,2026(2),阐释综述,—,—,—,—,—,—,—,—,投资于人；新发展格局；高质量发展；人才红利；人的全面发展,—,—,,
生育,SY,SY-008,完善促进投资于人税收政策体系的思考,李达,税务研究,2026(2),阐释综述,—,—,—,—,—,—,—,—,投资于人；新质生产力；共同富裕；人口高质量发展；人口长期均衡发展；积极应对人口老龄化,—,—,,
生育,SY,SY-009,促进投资于物和投资于人紧密结合的税收制度与政策完善,黄智文,税务研究,2026(2),阐释综述,—,—,—,—,—,—,—,—,投资于物和投资于人紧密结合；高质量发展；人的全面发展；生育友好型税收制度；人口高质量发展；扩大中等收入群体；扩大居民消费,—,—,,
生育,SY,SY-010,工业机器人使用、婚姻关系与少子化趋势,林峰,财贸经济,2026(2),其他实证,工业机器人使用（跨国机器人使用强度）,—,连续变量（非冲击）,摘要未给,婚姻关系；少子化,适婚年龄人口结婚率、初婚年龄、离婚率；生育率、平均初育年龄,66个国家（地区）1993—2019年跨国面板（具体来源摘要未给）,高,无,无,A为技术类变量；机制：缩小性别收入差距（制造业男性工资下降、服务业女性工资上升）、提升人力资本（受教育年限延长）,,
生育,SY,SY-011,协同发力的财税治理方向：供需两侧、投资与消费、政策与改革,谢贞发,财政研究,2026(1),阐释综述,—,—,—,—,—,—,—,—,供需两侧协同发力；以内需为主导；投资消费协同发力,—,—,,
生育,SY,SY-012,健全社会保障体系与居民生育率——基于长期护理保险视角,曾利飞,金融研究,2025(11),冲击回归,长期护理保险制度,约2016（常识）,分批试点或分地区推开,摘要未给,居民生育率,非失能家庭与失能家庭的生育率（具体度量摘要未给）,摘要未给,高,健全社会保障体系；积极应对人口老龄化国家战略；社会保障体系可持续发展,无,A类型与起始年据常识（国家试点2016年起分批推开）；先建理论模型（削弱“养儿防老”效用、资源重置效应）；非失能家庭生育率下降，高收入、高医疗水平、城市家庭更显著；失能家庭净效应为正；亲情照护与正式照护融合模式有利于两类家庭生育,,
生育,SY,SY-013,税收促进公共服务均等化的机理、挑战与应对,李华,税务研究,2025(11),阐释综述,—,—,—,—,—,—,—,—,公共服务均等化；区域协调发展；数字经济,—,—,,
生育,SY,SY-014,中国人口结构与税制结构：历史演变、特征及其作用机制,解垩,财政研究,2025(10),阐释综述,—,—,—,—,—,—,—,—,生育友好型税制结构；现代化治理体系,—,—,,
生育,SY,SY-015,财政可持续能力：定义、现实挑战与提升路径,谢贞发,财政研究,2025(9),阐释综述,—,—,—,—,—,—,—,—,财政可持续能力；百年变局；战略机遇和风险挑战并存；财税体制改革,—,—,,
生育,SY,SY-016,退休年龄、结构转型与人口增长,王钰冰,金融研究,2025(8),模型模拟,劳动者退休年龄延迟（含男女退休年龄差异；模型变量）,—,无,结构模型,人口增长；结构转型,模型内生变量：人口增长率、制造业比重（理论推导，非实测）,摘要未给,高,无,无,摘要未提数值模拟；机制：收入增长效应与隔代抚养效应；若女性隔代抚养更有比较优势，女性退休年龄延迟可能降低人口增长率；女性劳动相对供给提高使制造业比重扩大,,
生育,SY,SY-017,生育支持税收政策完善探析,刘石敏,税务研究,2025(4),阐释综述,—,—,—,—,—,—,—,—,生育支持；家庭、企业、政府生育责任共担,—,—,,
生育,SY,SY-018,产假政策改革与企业劳动力雇佣——来自中国企业雇主-雇员匹配数据的证据,刘宏,经济学(季刊),2025(3),冲击回归,产假改革,摘要未给,地区强度差异,摘要未给,企业劳动力雇佣,企业雇佣规模、女员工比例、用工成本；育龄女员工正规受雇、晋升、工资收入,中国企业雇主-雇员匹配数据调查,高,无,无,A类型据常识（各地产假天数不同）归类；雇佣规模无影响但女员工比例下降、有女员工休产假的企业用工成本上升；机制：性别歧视效应与成本转嫁效应、替代性用工成本；由生育保险基金支付地方产假津贴可缓解不利影响,,
生育,SY,SY-019,全面二孩政策对家庭“储蓄——消费”决策的影响,易祯,金融研究,2025(2),冲击回归,全面二孩政策,约2016（常识）,全国统一政策,普通DID,家庭“储蓄—消费”决策,家庭时间偏好率（由理论模型推导测算）；享受型消费占比、储蓄率,CFPS；CHFS,中,无,无,PSM-DID，处理组为“政策敏感型家庭”；时间偏好率下降（更偏向未来），在经济脆弱性高、幸福和健康程度高、预期稳定的家庭更显著；考虑或已生二孩家庭享受型消费占比下降、储蓄率上升,,
生育,SY,SY-020,个人所得税政策对居民生育的影响及优化,司言武,税务研究,2025(2),阐释综述,—,—,—,—,—,—,—,—,无,—,—,,
生育,SY,SY-021,生育假的企业成本与分担机制优化,叶菁菁,管理世界,2024(12),冲击回归,2016年生育假政策调整强度,2016,地区强度差异,强度DID,生育假的企业成本,企业劳动力需求、用工成本（工资补偿直接成本、岗位空缺间接成本）、企业生产总值、生产效率,摘要未给,中,生育支持政策；人口长期均衡发展；政府—企业—家庭“三方分担”,数值模拟：生育假充分落地时政府需补足的资金缺口与企业缴费金额之比约为1∶2.7,先建企业—劳动者一般均衡模型（生育成本经就业风险传递，解释劳动力需求缩减与休假利用不足并存）；劳动要素调整伴随企业产值下降与效率损失,,
生育,SY,SY-022,生育补贴政策的激励效应与托底效应——来自生育补贴政策田野实验的证据,石智雷,经济研究,2024(11),冲击回归,生育补贴政策（湖北省田野实验，补贴金额不同）,摘要未给,分批试点或分地区推开,田野实验,居民生育决策（激励效应与托底效应）,生育意愿：想生育的概率、明确不想生育的概率,湖北省生育补贴政策田野实验（自建）,中,生育支持,无,补贴效果存在“阈值”，仅高于一定额度才有正效应；托底效应强于激励效应；机制：降低生育成本；基层卫生行政部门消极执行弱化补贴作用,,
生育,SY,SY-023,促进人力资本发展的税收政策体系完善,石绍宾,税务研究,2024(11),阐释综述,—,—,—,—,—,—,—,—,中国式现代化；强国建设、民族复兴伟业；人才引领发展战略,—,—,,
生育,SY,SY-024,教育对生育的异质性影响和作用机制：基于两个自然实验的估计,张川川,数量经济技术经济研究,2024(11),冲击回归,受教育水平，以大学扩招（主）与义务教育政策改革两项自然实验识别,约1999（常识，大学扩招）,全国统一政策,摘要未给,生育（生育行为与生育意愿）,终生不生育概率、生育数量；机制：初婚初育时间、生育意愿,摘要未给,高,人口长期均衡发展,无,义务教育政策改革（约1986，常识）未改变生育行为；高等教育降低终生不生育概率、同时降低生育数量，经提高生育机会成本与养育成本、推迟初婚初育、缩短生育窗口期起作用，对生育意愿无显著影响,,
生育,SY,SY-025,子女教育专项附加扣除对家庭教育支出的影响研究,颜静雯,税务研究,2024(10),冲击回归,个人所得税子女教育专项附加扣除,约2019（常识）,全国统一政策,摘要未给,家庭教育支出,平均每个子女的课外辅导支出,CFPS 2014—2020年四期面板,高,无,无,摘要描述为结合扣除申报条件、受教育子女数越多则政策实施后每孩课外辅导支出增加越多；以放开人口生育政策构造工具变量做稳健性检验；异质性：有高中阶段子女、财务负责人为女性的家庭更明显,,
生育,SY,SY-026,推动普惠托育的税收政策：现状与优化,茹玉,税务研究,2024(10),阐释综述,—,—,—,—,—,—,—,—,普惠托育；人口均衡发展,—,—,,
生育,SY,SY-027,推动人口高质量发展的个人所得税探析,张念明,税务研究,2024(9),阐释综述,—,—,—,—,—,—,—,—,人口高质量发展；总量充裕、素质优良、结构优化的现代人力资源,—,—,,
生育,SY,SY-028,论生育友好型税收政策体系的构建,李建军,税务研究,2024(9),阐释综述,—,—,—,—,—,—,—,—,生育友好型税收政策体系,—,—,,
生育,SY,SY-029,产假政策对孩子健康的影响,薛靖茹,经济学(季刊),2024(6),冲击回归,2016年产假政策调整（产假延长）,2016,地区强度差异,摘要未给,孩子健康,学龄前儿童身体重度消瘦发生率、因病就医次数、认知能力,CFPS 2014—2020,高,人口长期均衡发展,无,A类型据常识（各省延长天数不同）归类；机制：增加母乳喂养时间、改善母亲健康,,
生育,SY,SY-030,个人所得税专项附加扣除的减税效应与收入分配效应,万莹,税务研究,2024(3),测度,个人所得税专项附加扣除（整体与分项；含2023年提高子女教育、赡养老人、3岁以下婴幼儿照护扣除标准）,2019,全国统一政策,无,减税效应；收入分配效应,专项附加扣除的减税规模；收入分配调节效应（逆向调节程度）,CFPS 2020,高,无,无,中等收入组、子女教育扣除的减税规模最大；整体与分项扣除均逆向调节收入分配，逆向程度与扣除规模成正比；2023年提标增强减税效应、加剧逆向调节,,
生育,SY,SY-031,积极生育政策下个人所得税的优化探析,于春敏,税务研究,2024(3),阐释综述,—,—,—,—,—,—,—,—,积极生育政策；综合施策支持生育,—,—,,
生育,SY,SY-032,何以为家：儿童大病医疗与消失的孤儿,赵仁杰,经济学(季刊),2024(2),冲击回归,儿童大病医疗保障政策,2010,分批试点或分地区推开,摘要未给,孤儿（养育责任）,县区孤儿数量（含残疾孤儿）,2008—2016年县区面板（具体来源摘要未给）,高,无,无,政策试点地区孤儿数量显著下降，主要体现为残疾孤儿减少,,
生育,SY,SY-033,少子老龄化、工业智能化与宏观经济波动——基于内生经济增长理论的DSGE模型分析,韩永辉,管理世界,2024(1),模型模拟,少子老龄化（劳动力供给冲击）与工业智能化,—,无,结构模型,宏观经济波动,模型内生变量：经济均衡总产出、研发型劳动力、自主创新、通货膨胀等（DSGE，非实测）,摘要未给,高,高质量发展；自主创新,无,短期工业智能化优化要素配置、缓解少子老龄化冲击；长期难弥补研发型劳动力缺口，可能引发过度替代、贫富分化与通货膨胀,,
生育,SY,SY-034,延迟退休、隔代照料与经济增长,耿志祥,金融研究,2023(11),模型模拟,延迟退休（王朝家庭模型中的政策变量）,—,无,结构模型,经济增长,模型内生变量：生育率、隔代照料时间、年轻人劳动供给、子女教育投入、长期经济增长（数值模拟，非实测）,摘要未给,高,养老金不可持续风险（社保可持续）,无,收入效应（遗赠收入增加）提高生育率、隔代照料效应（时间成本上升）降低生育率；数值模拟显示年轻人劳动供给降幅有限；建议实施积极的隔代照料支持政策,,
生育,SY,SY-035,户籍制度改革的效应、方向和路径,蔡昉,经济研究,2023(10),阐释综述,—,—,—,—,—,—,—,—,中国式现代化；高质量发展；破除城乡二元结构；社会流动,—,—,,
生育,SY,SY-036,促进人口高质量发展的税收政策体系现状、问题及对策,樊勇,税务研究,2023(10),阐释综述,—,—,—,—,—,—,—,—,人口高质量发展；新发展理念,—,—,,
生育,SY,SY-037,人口高质量发展背景下促进积极生育的财税政策研究,范子英,税务研究,2023(10),阐释综述,—,—,—,—,—,—,—,—,人口高质量发展；积极生育；人口长期均衡发展；健全托育服务体系,—,—,,
生育,SY,SY-038,促进人口高质量发展的税收政策完善,何代欣,税务研究,2023(10),阐释综述,—,—,—,—,—,—,—,—,人口高质量发展；中国式现代化；高质量就业,—,—,,
生育,SY,SY-039,多样化、生育率与经济长期演进:一个统一的增长框架,豆建春,经济研究,2023(9),模型模拟,消费品多样化（消费品种类增加）与生产技术改进,—,无,结构模型,生育率；经济长期演进,模型内生变量：生育率、长期增长路径（数值模拟，非实测）,经济史与科学技术史研究成果（数值模拟依据）,高,无,无,统一增长框架；生育率变化取决于收入增长与消费品种类增加的相对速度；模型复现人口转变与由长期停滞到持续增长的路径,,
生育,SY,SY-040,延迟退休、隔代照料与青年人就业,邹铁钉,数量经济技术经济研究,2023(9),模型模拟,延迟退休力度（OLG模型中的政策变量）,—,无,结构模型,青年人就业,模型内生变量：青年人就业意愿、就业能力、就业机会（非实测）,摘要未给,高,幼儿照护支持体系,无,就业能力随延迟退休力度呈倒U型，就业意愿与就业机会总体下降；现收现付制下就业意愿与机会高于基金制，基金制下就业能力更高,,
生育,SY,SY-041,中国隔代抚养文化、生育年龄选择与人口生育率,余靖雯,金融研究,2023(8),其他实证,隔代抚养（有无祖辈隔代抚养）,—,连续变量（非冲击）,摘要未给,生育年龄选择；人口生育率,女性平均初育年龄、平均生育数量,CFPS,高,释放生育潜能,无,先建内生人口增长模型；异质性：从事非农工作、受教育程度高、收入高的女性效应更明显,,
生育,SY,SY-042,公共托幼服务对生育意愿的影响——基于断点回归的经验证据,陈梅,经济学(季刊),2023(6),冲击回归,公共托幼服务（是否托幼）,摘要未给,全国统一政策,断点,生育意愿,一孩家庭的二孩生育意愿,2016年中国家庭发展追踪调查,高,无,托幼使二孩生育意愿提高约16.2%—20.5%,断点驱动变量摘要未给，A类型为归类判断；一孩由父母照料者效应更显著；机制：就业释放效应与闲暇释放效应；托幼服务支出增加会降低生育意愿,,
生育,SY,SY-043,全面二孩政策如何影响家庭生育决策?,葛润,经济学(季刊),2023(4),冲击回归,全面二孩政策,2016,全国统一政策,普通DID,家庭生育决策,家庭生育可能性；据此推算的政策引致出生人数,摘要未给,高,无,政策引致多出生人数占2016—2018年每年出生人数的14.8%；推算三孩政策短期内每年多出生约28.32万人,效果在2016—2018年未衰减；据估计外推2021年三孩政策效果（三孩未作A）,,
生育,SY,SY-044,家庭养老与社会养老融合对居民储蓄率的影响研究,曹伟,经济研究,2023(3),模型模拟,家庭养老与社会养老融合（OLG拓展模型中的养老方式）,—,无,结构模型,居民储蓄率,模型内生变量：居民储蓄率、生育意愿、代际转移；附实证：家庭老年人数量与子女生育率,摘要未给,高,积极应对人口老龄化国家战略；扩大消费需求,无,养老方式融合增强生育意愿、维持子女对父辈的代际转移从而降低储蓄率；附实证：老年人数量越多的家庭子女生育率越高（隔代看护降低养育时间成本）,,
生育,SY,SY-045,放松生育限制将如何影响性别失衡?——基于“一孩半”政策的理论分析与实证检验,李长洪,经济学(季刊),2023(2),冲击回归,“一孩半”政策（放松生育限制）,约1984（常识，各省实施时间不一）,分批试点或分地区推开,三重差分,性别失衡,男女性别比（理论部分区分首胎、二胎）,2000年人口普查,高,无,无,三重差分利用城乡、区域、政策时间三维差异；理论与数值模拟：重男轻女观念越重，首胎失衡缓解幅度大于二胎恶化幅度，政策缓解性别失衡作用越明显,,
生育,SY,SY-046,人口老龄化、企业债务融资与金融资源错配——基于地级市人口普查数据的实证研究,陈熠辉,金融研究,2023(2),其他实证,地区人口老龄化程度,—,连续变量（非冲击）,工具变量,企业债务融资；金融资源错配,企业债务融资水平；企业融资不足水平,地级市人口普查数据；企业数据（来源摘要未给）,高,积极的人口老龄化战略,无,工具变量为计划生育强度；机制：加剧融资约束、增加经营风险；异质性：非国有、中小型、传统行业、资本和劳动密集型行业更明显；对高生产率企业负面影响更大,,
生育,SY,SY-047,劳动力市场性别差距、生产结构转型与人口增长转变,郭凯明,金融研究,2023(1),模型模拟,生产结构转型（脑力劳动密集型部门比重提高）与劳动力市场性别差距；政策实验：干预女性劳动定价、降低男性或女性生育养育成本、补贴由政府或企业承担,—,无,结构模型,人口增长转变,模型内生变量：生育率、性别工资差距、女性劳动相对供给、脑力劳动密集型部门比重（非实测）,摘要未给,高,人口长期均衡发展；优化人口发展战略；生育支持政策体系,无,降低男性生育养育成本既提高生育率又缩小性别差距、促进结构转型；生育养育成本补贴由政府承担比由企业承担影响更温和,,
预期管理,YQ,YQ-001,免签政策与外商直接投资：来自企业注册数据的证据,田毕飞,世界经济,2026(9),冲击回归,扩大普通护照免签安排（免签政策，按国家分批实施）,约2023（常识：2023年12月起对法德等国单方面免签；摘要只给样本起点2023年1月）,分批试点或分地区推开,多期DID,外商直接投资（外资进入）,免签国家在华新设外资企业数量；机制：政策信号、国际舆情、信息不对称【预期：未作为变量测量】,工商企业注册数据（2023.1—2026.2）,中,政策信号；高水平对外开放,无,渠道为释放持续开放的政策信号、改善国际舆情、缓解信息不对称；人员往来基础好、时区差小、资本密集、移民网络密、服务业更显著；推动项目由接触转向落地,不涉及,不涉及（A为实际实施的政策，信号仅为机制）
预期管理,YQ,YQ-002,地方化债组合政策与资本市场反馈,聂婧,世界经济,2026(9),冲击回归,中央一揽子化债方案中的12万亿元化债组合政策公告（×企业政府业务关联程度）,约2024（常识：2024年11月公布；摘要未给年份）,全国统一政策,事件研究,资本市场反馈（市场信心与预期形成）,公告窗口期累积异常收益率CAR、投资者交易活跃度；后续经营现金流、净利润增长、资本开支【预期：市场价格隐含，以CAR与交易活跃度反映市场预期】,A股上市公司,高,一揽子化债方案；提振市场信心；市场预期,无,后续经营表现用双重差分（按政府业务关联程度）；机制为改善企业回款、释放资金压力、缓解融资约束,市场价格隐含：公告窗口CAR、交易活跃度,"财政部门（常识：由财政部在全国人大常委会发布会公布；摘要只写""政策公告""）"
预期管理,YQ,YQ-003,财政政策、异质性MPC与消费结构升级——基于2018年个税改革的量化分析,杨欣桐,经济研究,2026(8),模型模拟,2018年个人所得税改革（基准政策冲击）及反事实政策（税额返还、服务消费补贴等）,2018,全国统一政策,结构模型,消费结构升级（非耐用品、耐用品、服务消费）,模型模拟的居民消费水平与三类消费结构（CHFS结构估计）【预期：模型中的收入不确定性设定，非实测】,CHFS,高（模型输出）,扩大内需；提振消费；消费升级；稳定收入预期,无,效应由减税规模与MPC异质性共同决定；继续提高起征点边际作用有限，低收入税额返还与服务消费补贴更有效；改善收入预期有助提振消费,模型设定（未实测）：收入不确定性,不涉及
预期管理,YQ,YQ-004,预期管理、增值税立法信号与企业研发,王立勇,财政研究,2026(8),冲击回归,2019年《增值税法（征求意见稿）》发布（制度框架性政策信号）,2019,全国统一政策,普通DID,企业研发投资,企业研发投资；中介变量：企业预期【预期：测法摘要未给】,摘要未给,高,预期管理；政策信号；企业预期；增值税立法,无,企业预期为关键中介；管理层短视高、融资约束高企业更显著；财政透明度高地区激励更强,摘要未给：企业预期作中介,财政部门（常识：征求意见稿由财政部、税务总局发布；摘要未写发布机关）
预期管理,YQ,YQ-005,健全地方税体系  增强地方财政可持续性,宋生瑛,税务研究,2026(8),阐释综述,—,—,—,—,—,—,—,—,财政可持续性；稳定长期制度预期；土地财政退出,—,—,—,—
预期管理,YQ,YQ-006,政府数字化转型与企业脱虚返实——基于企业投资结构偏向的分析,王傲,金融研究,2026(7),其他实证,数字政府建设（地方政府网站工作年度报表）,—（连续变量）,连续变量（非冲击）,一般回归,企业脱虚返实（投资结构偏向）,实体投资、金融资产配置、总投资规模；投资效率；机制：制度性交易成本、融资约束、经济政策不确定性感知【预期：EPU感知测法摘要未给】,上市公司；地方政府网站工作年度报表,高,脱虚返实；实体经济；数字政府；高质量发展,无,非国企、小规模、战略性新兴、数字化高企业及市场化高地区更显著；抑制短期流量思维,摘要未给：EPU感知作机制,不涉及
预期管理,YQ,YQ-007,异质性预期下财税政策、货币政策协同与消费提振,沈少川,税务研究,2026(7),模型模拟,财税政策与货币政策协同（模型冲击）,—（模型）,无（模型冲击）,结构模型,消费提振（居民消费）,NK-DSGE模拟的居民消费【预期：异质性预期结构为模型设定】,摘要未给,高（模型输出）,提振消费；预期管理；财政货币政策协同,无,协同效果强于单一政策；不同预期结构使政策效应明显不同；稳健性加入工资黏性、投资转化率冲击、资本利用率成本,模型设定（未实测）：异质性预期,不涉及
预期管理,YQ,YQ-008,碳关税信号、绿电禀赋与高耗能企业的空间再配置,李芳华,经济研究,2026(6),冲击回归,2018年欧洲议会通过碳边境调节机制（CBAM）决议（外部政策信号）×对欧盟出口暴露,2018,外国政策,普通DID,高耗能企业空间再配置,对绿电富集区的投资（子公司布局）；能源替代领域创新；MD&A中对国际碳政策的关注度【预期：文本，MD&A关注度度量信号可感知性；预期碳成本为机制】,上市公司；海关进出口数据；子公司数据；MD&A文本,高,政策信号；高水平开放；绿色转型,无,另用事件研究；绿电越丰富、可达性越强的地区吸引力越大；同步增加能源替代创新,文本：MD&A对国际碳政策的关注度,其他（外国机构：欧洲议会决议）
预期管理,YQ,YQ-009,增值税留抵退税与企业债务优化：理论机制及政策效应,刘朝阳,税务研究,2026(6),冲击回归,2018年增值税留抵退税政策,2018,全国统一政策,摘要未给（称准自然实验）,企业债务优化,企业债务规模；金融性负债与商业信用负债；长期负债占比；信贷可得性,A股上市公司季度数据（2017—2022）,高,留抵退税；银税互动；稳信用,无,"机制为现金注入、成本节约与""以税增信""；资产运营效率低、经营绩效高企业更显著；建议将政策""信号传递机制""制度化",不涉及,不涉及
预期管理,YQ,YQ-010,企业可持续发展信息披露与贷款期限结构,樊燕萍,财贸经济,2026(5),其他实证,企业可持续发展信息披露质量,—（连续变量）,连续变量（非冲击）,一般回归,贷款期限结构,贷款期限结构；短债长用,A股上市公司（2011—2021）,高,绿色金融；经济政策不确定性,无,紧缩货币政策与高EPU下更显著；可对冲货币政策不确定性对银行信贷的干扰；银行数字化负向调节,不涉及,不涉及
预期管理,YQ,YQ-011,新闻情绪与人民币汇率预期,刘林东,世界经济,2026(5),其他实证,新闻情绪（中美近600万篇媒体报道的细分主题情绪指标）,—（连续变量）,连续变量（非冲击）,一般回归,人民币汇率预期,人民币汇率预期（具体测法摘要未给）；单边预期【预期：测法摘要未给】,自建文本（中美媒体报道，2008—2024）,摘要无法判断,汇率预期管理；叙事经济学,无,新闻情绪有超越基本面的预测力，分解为信息补充效应与基本面定价权重调节效应；中国新闻情绪经信心渠道，美国新闻情绪在全球不确定性高时起作用,摘要未给：人民币汇率预期,媒体
预期管理,YQ,YQ-012,走中国特色金融发展之路：基于现代中央银行制度视角,深化金融体制改革课题组,财贸经济,2026(4),阐释综述,—,—,—,—,—,—,—,—,中国特色金融发展之路；预期管理；政策取向一致性；高质量发展；国家金融安全,—,—,—,—
预期管理,YQ,YQ-013,公众预期、政策协调与房地产金融宏观审慎政策有效性,肖争艳,金融研究,2026(4),其他实证,房地产金融宏观审慎政策（MPR）调整；调节：公众房价预期、政策沟通频率与立场一致性、与货币政策取向一致性,—（时间序列）,宏观或信息冲击,局部投影或VAR,房地产金融宏观审慎政策有效性,房价缺口；预期分歧【预期：问卷，央行城镇储户调查的房价预期】,央行城镇储户问卷调查；宏观时序,中,预期管理；政策沟通；政策取向一致性；稳定房地产市场；房地产高质量发展,无,另建含房价预期的DSGE；顺周期公众预期削弱MPR；提高沟通频率收缩预期分歧；紧缩MPR配紧缩数量型、宽松MPR配宽松价格型货币政策效果更好,问卷：央行城镇储户调查房价预期,央行（沟通为调节变量；摘要未明写主体，按宏观审慎政策归央行）
预期管理,YQ,YQ-014,财税体制与全国统一大市场建设：整体分析,吕冰洋,财政研究,2026(4),阐释综述,—,—,—,—,—,—,—,—,全国统一大市场；财税体制改革；可预期的公平竞争环境,—,—,—,—
预期管理,YQ,YQ-015,央行沟通情感识别、通胀预期形成机制与央行信誉优化,刘达禹,中国工业经济,2026(3),测度,央行沟通指数（BERT重构）,—（连续变量）,连续变量（非冲击）,结构模型,通胀预期形成机制；央行信誉,"央行信誉水平（通胀预期""二元选择""模型估计）；不同信誉下的通胀损失模拟【预期：模型提取，通胀预期数据来源摘要未给】",自建文本（央行沟通文本）,中,央行沟通；稳定公众预期；政策信号,央行信誉水平约0.5；建议每季度正式沟通3—5次,BERT优于词频法，尤其是转折语句；通胀成本与信誉大体负相关,"模型提取：通胀预期""二元选择""模型",央行
预期管理,YQ,YQ-016,宏观经济政策沟通与预期管理：来自新闻发布会的证据,阮睿,世界经济,2026(3),冲击回归,国务院新闻办公室新闻发布会召开（发布会文本主题权重与情绪）,摘要未给,宏观或信息冲击,事件研究,市场专业人士预期形成（预期管理）,宏观分析报告文本的日度主题权重与主题情绪（LDA）；分析师宏观指标预测水平与预测误差；企业投资【预期：文本＋分析师预测】,自建文本（国新办发布会文本、宏观分析报告）；分析师预测；企业数据（库名摘要未给）,中,预期管理；政策沟通；宏观经济管理,无,发布会后分析报告在发布会高权重主题上权重与情绪上升更多；积极影响传导至实体：提升预测水平、降低预测误差、增加企业投资,文本＋分析师或专家预测：宏观分析报告情绪；分析师预测水平与误差,国务院或国新办
预期管理,YQ,YQ-017,一揽子化债方案和地方隐性债务置换——基于特殊再融资债券重启的视角,王姝晶,管理世界,2026(3),冲击回归,2023年特殊再融资债券重启发行（一揽子化债方案）×高/低债务风险地区,2023,地区强度差异,普通DID,地方隐性债务置换（城投债融资成本与债务）,城投债发行利差、交易利差；隐性担保预期；短期城投债发行规模；城投债存量与利息支出；地方财政支出；GDP【预期：市场价格隐含，利差反映隐性担保预期】,城投债发行与交易数据（库名摘要未给）,中,一揽子化债方案；特殊再融资债券；防范化解地方隐性债务风险,无,摘要未写方法名，按高低风险地区对比编码；效应集中于短期限、高杠杆、高评级城投债；期限错配加剧但显性化后存量与利息下降；短期GDP影响不显著；附债务期权模型,市场价格隐含：城投债利差隐含隐性担保预期,不涉及
预期管理,YQ,YQ-018,经济预期不确定性与货币政策效应,李海博,财贸经济,2026(3),其他实证,经济预期不确定性（基于微观经济预测测度，1996—2022）,—（连续变量）,连续变量（非冲击）,摘要未给,货币政策效应,货币政策效应（具体被解释变量摘要未给）【预期：分析师或专家预测，用微观经济预测数据测度预期不确定性】,微观经济预测数据；宏观经济波动数据,摘要无法判断,预期管理；社会预期偏弱,无,经济预期不确定性在冲击时显著提高并削弱货币政策效应；与宏观不确定性、EPU区分；主张管理预期的二阶状态,分析师或专家预测：微观经济预测数据,不涉及
预期管理,YQ,YQ-019,零基预算改革与企业投资效率——基于有为政府赋能有效市场的视角,曹文成,数量经济技术经济研究,2026(3),冲击回归,零基预算改革（地方分批推行）,摘要未给,分批试点或分地区推开,多期DID,企业投资效率,企业投资效率（过度投资、投资不足）；企业价值；机制：制度性交易成本、融资环境、市场不确定性预期【预期：测法摘要未给】,摘要未给,高,零基预算改革；有为政府；有效市场；高质量发展；财政资金提质增效,无,交叠DID；既抑制过度投资也缓解投资不足；通过投资效率提升企业价值,摘要未给：市场不确定性预期作机制,不涉及
预期管理,YQ,YQ-020,金融监管处罚、信贷供给收紧与融资平台债务治理,柏金春,中国工业经济,2026(2),冲击回归,国家金融监督管理总局公布的金融机构行政处罚事件,摘要未给,市场或企业事件,摘要未给（称准自然实验）,融资平台债务治理（债务扩张）,"地区融资平台债务扩张；银行贷款与非标融资；举债风险溢价；标准化债券融资占比【预期：市场价格隐含，风险溢价反映""财政兜底""预期被打破】",金融监管行政处罚公告；融资平台数据（库名摘要未给）,高,财政兜底预期；财政金融协同；地方债务风险；市场化转型,无,处罚机构层级高、力度大时更显著；促使融资平台转向标准化债券融资,市场价格隐含：举债风险溢价,不涉及
预期管理,YQ,YQ-021,专项债券项目收益风险定价有效性研究——兼论优化专项债券管理机制的路径,钱一蕾,数量经济技术经济研究,2026(2),测度,专项债券项目收益风险（机器学习从利差中测算）；项目打包发债,—（连续变量）,连续变量（非冲击）,无（机器学习测算）,专项债券定价有效性,专项债券利差中的项目收益风险；债券包内项目收益参差与打包程度,6302只专项债券及其8.5万余个项目（2019—2023）,高,积极财政政策；专项债券管理；地方政府债务管理,专项债券利差仅比一般债券高0.55BP,债券市场几乎无法识别项目收益风险；新增债务融资需求越强的省份打包程度越高,不涉及,不涉及
预期管理,YQ,YQ-022,企业集团隐性担保对国有企业债券违约风险的影响,饶含,金融研究,2026(2),模型模拟,企业集团内部资产转移能力（隐性担保来源）,—（模型）,无（模型冲击）,无（理论模型）,国有企业债券违约风险,理论推导，无实测【预期：对财政状况与内部转移成本的预期管理为理论设定】,无,摘要无法判断（纯理论无实测）,预期管理；国有企业深化改革；系统性金融风险,无,内部转移能力强反而提高信用风险、放大财政状况冲击并促进风险外溢；预期管理可抑制外溢,模型设定（未实测）：对财政状况与转移成本的预期,不涉及
预期管理,YQ,YQ-023,财政政策沟通的信号效应：基于股票市场异质性预期的研究,王振霞,财政研究,2026(2),其他实证,财政政策沟通信号指标（新闻文本构建）,—（连续变量）,连续变量（非冲击）,一般回归,股票市场异质性预期,股价走势；机构投资者与散户的投资行为【预期：行为代替，以两类投资者交易行为及股价反映预期差异】,自建文本（新闻）；上市公司,中,财政政策沟通；引导预期；提振信心；预期转弱,无,散户行为更符合财政沟通信号指向；宏观不确定性高时差异总体未逆转,行为或结果代替＋市场价格隐含：投资者交易行为、股价,财政部门
预期管理,YQ,YQ-024,论财税政策与投资于人的本质关联及实现路径——基于人力资本积累视角,许生,税务研究,2026(2),阐释综述,—,—,—,—,—,—,—,—,投资于人；高质量发展；三重压力（预期转弱）；人口高质量发展,—,—,—,—
预期管理,YQ,YQ-025,数字金融、信息不对称与小微企业融资——来自助贷机构的证据,汪勇,数量经济技术经济研究,2026(1),其他实证,数字金融发展,—（连续变量）,连续变量（非冲击）,一般回归,小微企业融资,小微企业贷款利率、贷款金额；逆向选择、道德风险,某助贷机构脱敏小微企业信贷数据（2017—2020）,高,融资难融资贵；数字金融,无,货币政策宽松期与EPU较高期改善作用更大；缓解逆向选择但放大道德风险,不涉及,不涉及
预期管理,YQ,YQ-026,民营经济支持政策与企业满意度,魏楚,财贸经济,2026(1),其他实证,"民营经济政策强度（含""民营经济31条""）",约2023（常识：民营经济31条2023年7月发布；摘要为政策强度连续变量）,连续变量（非冲击）,一般回归,企业满意度,"企业满意度与""获得感""；用工、投资、研发投入；机制：政策效果感知、预期偏差、信息不对称【预期：问卷，全国民营企业调查】",全国民营企业调查,高,民营经济31条；企业预期管理；政策宣传；民营经济高质量发展；政策热企业冷,无,预期偏差与信息不对称削弱政策效应；融资和拖欠账款问题效果不显著；政策评价越积极越扩大用工投资研发,问卷：全国民营企业调查（满意度、预期偏差）,不涉及
预期管理,YQ,YQ-027,债务置换、财政政策效力与税制结构优化,董兵兵,中国工业经济,2025(12),模型模拟,地方政府债务置换政策（模型）,—（模型）,全国统一政策,结构模型,财政政策效力（财政支出乘数）,DSGE模拟的财政支出乘数与财政空间【预期：未来税负预期为模型设定】,摘要未给,高（模型输出）,积极的财政政策要加力提效；财政空间；高质量发展；稳定宏观经济大盘,无,经弱化税收扭曲与缓解挤出双渠道提高乘数；初始财政空间不足时效果更显著；劳动所得税敏感度提升可稳定税负预期,模型设定（未实测）：未来税负预期,不涉及
预期管理,YQ,YQ-028,徙木立信：政务信用建设与民营企业预期改善,谷成,数量经济技术经济研究,2025(12),冲击回归,国务院清理政府欠款专项督导行动（政务信用建设）,摘要未给,全国统一政策,摘要未给（称准自然实验）,民营企业预期,"民营企业预期（测法摘要未给；摘要称效应""并非源于管理层对年报信息的策略性操纵""）；员工质量、创新投入、企业投资",摘要未给,摘要无法判断,稳定民营企业预期；政务信用建设；营商环境,无,渠道为纾解财务困境与优化政企关系；财政压力大地区、政府连接度强及动态能力弱企业更显著；对雇佣规模与工资作用有限,摘要未给：民营企业预期（摘要提及年报信息）,不涉及
预期管理,YQ,YQ-029,投资者预期协同的资产定价研究——基于多特征机器学习视角,唐国豪,管理世界,2025(12),其他实证,投资者预期协同水平（基于多维公司特征的机器学习构造）,—（连续变量）,连续变量（非冲击）,一般回归,资产定价（股票未来收益）,股票未来收益；错误定价【预期：模型提取，神经网络从多维特征构造预期协同指标】,中国上市公司,高,预期管理；预期协同；资本市场稳定；人工智能,无,预期协同越低未来收益越低；机制为错误定价（卖空约束、有限套利）；会计信息质量负向调节；特征数量呈非线性影响,模型提取：机器学习构造预期协同,不涉及
预期管理,YQ,YQ-030,财政政策与货币政策经济效应的非对称性研究——基于市场信心与政策不确定性传导影响的分析,石英华,财政研究,2025(12),其他实证,财政政策与货币政策（状态依赖的政策冲击）,—（时间序列）,宏观或信息冲击,局部投影或VAR,财政与货币政策的宏观经济效应,宏观经济产出（具体指标摘要未给）；传导：市场信心、政策不确定性【预期：市场信心测法摘要未给】,摘要未给（宏观时序）,摘要无法判断,逆周期调节；市场信心；稳定市场预期；高质量发展,无,MS-VAR；低迷状态下逆周期政策更有效且财政优于货币；货币政策不确定性的抑制效应强于财政,摘要未给：市场信心,不涉及
预期管理,YQ,YQ-031,财政政策与货币政策的协调配合：模式选择与机制分析,王擎,财贸经济,2025(12),其他实证,"财政货币政策组合（如""积极的财政政策和稳健的货币政策""）",—（时间序列）,宏观或信息冲击,局部投影或VAR,政策组合效应（经济增长与金融风险）,经济增长；金融风险（宏观杠杆率、信贷增速）；实际消费与投资【预期：预期渠道测法摘要未给】,宏观时序（2000—2020；来源摘要未给）,中,扩大内需；稳中求进；防风险,无,"Rubin因果框架下倾向得分加权＋局部投影；""积极财政＋稳健货币""组合最优，经收入渠道与预期渠道带动消费投资",摘要未给：预期渠道,不涉及
预期管理,YQ,YQ-032,财政补贴与提振消费——来自地方新能源汽车购置补贴的证据,于曙光,数量经济技术经济研究,2025(12),冲击回归,2023年地方（城市）消费端新能源汽车购置补贴,2023,分批试点或分地区推开,摘要未给,提振消费（新能源汽车消费）,城市—月度新能源汽车销量；燃油车消费（挤出检验）【预期：消费者未来预期效用为机制，测法摘要未给】,2023年城市—月度新能源汽车销量,高,提振消费；扩大内需；大宗消费,2023年各地补贴共带动新能源汽车消费670.1亿元,北方地区与有新能源车企城市更明显；力度大、不限车型、现金形式效果更好；未挤出燃油车,摘要未给：消费者未来预期效用,不涉及
预期管理,YQ,YQ-033,供应链金融、信用延伸与企业债务风险缓释,张云,经济研究,2025(11),其他实证,供应链金融（深度与广度）,—（连续变量）,连续变量（非冲击）,一般回归,企业债务风险缓释,核心企业债务违约风险；风险缓释投入；偿债能力,上市企业（2011—2022）,高,产业链供应链韧性,无,附理论模型；可抵御EPU与紧缩货币政策冲击；地方政府支持政策有增效作用,不涉及,不涉及
预期管理,YQ,YQ-034,财政收入预期增长与地方政府征管行为——来自地级市的经验证据,余锦亮,金融研究,2025(11),其他实证,地方政府财政收入预期增长,—（连续变量）,连续变量（非冲击）,一般回归,地方政府征管行为,非税收入比重；地方税（土地四税）比重；国有资本经营收入与国有资源（资产）有偿使用收入；对大企业补贴【预期：财政收入预期增长的测法摘要未给】,地级市面板（2011—2020）,中,现代财税体制；财政透明度；财政可持续性,无,"转移支付依赖低、经济财政状况较好地区更突出；""多收多补""补贴大企业是实现收入增长的重要措施",摘要未给：财政收入预期增长,不涉及
预期管理,YQ,YQ-035,增强宏观政策取向一致性,战明华,数量经济技术经济研究,2025(11),阐释综述,—,—,—,—,—,—,—,—,宏观政策取向一致性；预期管理；习近平经济思想,—,—,—,—
预期管理,YQ,YQ-036,通胀预期如何影响债券信用利差?,纪敏,金融研究,2025(10),其他实证,通胀预期（专家预测）,—（连续变量）,连续变量（非冲击）,一般回归,债券信用利差,上市公司信用债信用利差；违约风险溢价与超额风险溢价【预期：分析师或专家预测，专家通胀预测】,专家预测；A股上市公司信用债交易数据（2010—2022）,高,预期管理；降低企业融资成本,通胀预期与信用利差呈U形，拐点1.99%,非国企、低杠杆、低评级债券更突出；未预期货币政策冲击显著影响通胀预期,分析师或专家预测：专家通胀预测,不涉及
预期管理,YQ,YQ-037,预期的博弈：央行沟通与国债收益率曲线,尚玉皇,金融研究,2025(9),其他实证,央行沟通情绪指数（货币政策执行报告、公开讲话、新闻发布会文本）,—（连续变量）,连续变量（非冲击）,结构模型,国债收益率曲线,国债收益率曲线水平与期限利差【预期：市场价格隐含，期限结构隐含的市场预期】,自建文本（央行沟通语料）；国债收益率,高,央行沟通；预期信号；现代货币政策框架；强大中央银行,无,混频无套利期限结构模型；情绪越高（宽松预期）曲线整体下移、期限利差收窄；期限结构隐含预期反向影响央行沟通，利率市场化后双向互动增强,市场价格隐含：国债收益率曲线与期限利差,央行
预期管理,YQ,YQ-038,结构性货币政策支持科技创新的有效性研究,李力,管理世界,2025(9),模型模拟,科技创新再贷款（结构性货币政策工具）,2022（摘要称2022年以来）,全国统一政策,结构模型,科技创新（政策有效性）,NK-DSGE模拟的科技企业信贷、创新活动、TFP、产出与投资【预期：科技企业对未来的积极预期为模型设定】,摘要未给,高（模型输出）,科技金融；结构性货币政策,无,再贷款利率下降促科创贷款与股权投资；建议搭配瞄准科创贷款增速的宏观审慎与财政补贴,模型设定（未实测）：科技企业未来预期,不涉及
预期管理,YQ,YQ-039,财政预期管理与企业生产决策,刘倩,财政研究,2025(9),其他实证,财政预期管理指数（2003—2022年财政预期管理文本，自建情感词典）,—（连续变量）,连续变量（非冲击）,一般回归,企业生产决策,企业投资、劳动力使用量、融资规模、创新生产【预期：未直接测接收方预期，以企业行为反映；沟通端用文本情绪】,自建文本（财政预期管理文本）；企业数据（库名摘要未给）,高,财政预期管理；预期管理；提振微观主体信心；财政透明度,无,调控方向非对称；言行匹配性影响可信度；不同财政预期管理工具效果异质,行为或结果代替：企业投资、用工、融资、创新,财政部门
预期管理,YQ,YQ-040,气候政策分化、资本市场响应与跨境资本流动,尹智超,中国工业经济,2025(8),模型模拟,气候政策分化（碳减排目标、低碳补贴、碳税分化）,—（模型）,外国政策,结构模型,跨境资本流动,DSGE模拟与48个经济体跨境资本流动数据【预期：碳减排目标分化经政策信号改变市场预期，为模型设定】,48个经济体跨境资本流动数据（2010—2024）,高,政策信号,无,低碳补贴分化引发短期套利流动，碳税分化驱动长期资本向规制严格区域集中,模型设定（未实测）：政策信号改变市场预期,不涉及
预期管理,YQ,YQ-041,政策沟通、公众关注与经济不确定性——基于文本大数据的指数构建与实证研究,张同斌,金融研究,2025(7),其他实证,货币政策与财政政策沟通指数（文本大数据构建）,—（连续变量）,连续变量（非冲击）,摘要未给,经济不确定性,宏观经济不确定性（测法摘要未给）；公众政策关注【预期：公众关注测法摘要未给】,自建文本,摘要无法判断,预期管理；政策沟通；预期引导,无,持续精准的沟通降低外部负向冲击带来的不确定性；增加沟通频率强化效果；渠道为政策工具实施与公众关注,摘要未给：公众政策关注,央行＋财政部门
预期管理,YQ,YQ-042,政策引导与融资平台市场化转型,毛捷,经济研究,2025(7),冲击回归,"2014年施行的""43号文""（另：2017年全国金融工作会议）",2014,全国统一政策,摘要未给,融资平台市场化转型,"自建五维转型测度：收入构成、现金流构成、业务构成、股权构成、市场风险预期【预期：市场价格隐含，债券层面""市场风险预期""维度，具体指标摘要未给】",融资平台企业层面与债券层面数据,高,防范化解重大经济金融风险；地方国有企业改革；市场化转型,无,43号文主要影响业务构成，2017年金融工作会议全面推进转型；市场化水平与财政自给率影响区域异质性,市场价格隐含：债券层面市场风险预期,不涉及（A为政策文件与会议）
预期管理,YQ,YQ-043,主动偿债与专项债发行定价,毛捷,财政研究,2025(7),其他实证,主动偿债比（1－借新还旧比）,—（连续变量）,连续变量（非冲击）,一般回归,专项债发行定价,"新增专项债发行利差【预期：市场价格隐含，""改善市场预期""为机制】",2018—2023年地方政府到期与新增专项债发行信息,高,财政可持续性；稳增长与防风险；专项债全生命周期管理,无,债务规模大、财政透明度低地区压降作用更明显；机制为释放财政空间、改善市场预期、增强货币市场流动性,市场价格隐含：专项债发行利差,不涉及
预期管理,YQ,YQ-044,税收征管体制改革与企业税负公平——基于国地税合并的准自然实验证据,林志帆,财政研究,2025(6),冲击回归,国地税合并改革（原地税征管企业群组）,约2018（常识；摘要未给年份）,全国统一政策,普通DID,企业税负公平,原地税征管企业群组内所得税实际税率差异；群组内长期负债率、固定资产投资率、总资产周转率、ROA分布,全国企业贡献数据库（2016—2020）,高,营商环境；市场主体预期；税收征管改革,无,城市财政压力大、内源融资约束重企业改革效应更大,不涉及,不涉及
预期管理,YQ,YQ-045,数字政府建设与企业全要素生产率——基于信息惠民试点政策的准自然实验,杨青,金融研究,2025(6),冲击回归,信息惠民试点政策（城市试点）,约2014（常识：2014年公布国家信息惠民试点城市）,分批试点或分地区推开,普通DID,企业全要素生产率,企业TFP；机制：融资约束、非生产性成本、EPU感知【预期：EPU感知测法摘要未给】,A股上市企业（2011—2021）,高,数字政府；高质量发展,无,银企关联弱、城市信息化高、政商关系较传统的企业更明显,摘要未给：EPU感知作机制,不涉及
预期管理,YQ,YQ-046,央行预期管理能缓解银行流动性囤积吗?——基于前瞻性文本情绪指数的实证检验,蒋海,金融研究,2025(6),其他实证,《货币政策执行报告》前瞻性文本情绪指数,—（连续变量）,连续变量（非冲击）,一般回归,银行流动性囤积,银行流动性囤积水平；机制：信贷收益不确定性、银行风险容忍度【预期：未直接测接收方预期，以银行行为反映；沟通端用文本情绪】,自建文本（货币政策执行报告）；银行数据,高,预期管理；信号效应,无,流动性囤积适中的银行效果更明显；城商行与农商行受影响更大；创新能力、监管强度、经济繁荣强化缓解作用,行为或结果代替：银行流动性囤积,央行
预期管理,YQ,YQ-047,市场利率对住房按揭贷款的传导效应研究,钟春平,财贸经济,2025(6),其他实证,债券市场利率,—（连续变量）,连续变量（非冲击）,一般回归,住房按揭贷款利率（市场利率传导）,商业银行微观住房按揭贷款利率；预期因素中介【预期：测法摘要未给】,商业银行微观住房按揭贷款数据,高,经济政策不确定性；货币政策传导,无,非国有银行、省会城市传导更高；EPU削弱传导，适度利率波动提高传导；预期因素表现为遮掩效应,摘要未给：预期因素作中介,不涉及
预期管理,YQ,YQ-048,互联网交易税收流失治理问题探究,邹洋,税务研究,2025(6),阐释综述,—,—,—,—,—,—,—,—,税收遵从；预期引导；数字技术,—,—,—,—
预期管理,YQ,YQ-049,“土地稳定器”：一个政府房地产交易的新机制,张勇,数量经济技术经济研究,2025(6),模型模拟,"政府逆周期房地产交易机制（""土地稳定器""）替代土地财政",—（模型；现实背景为鼓励政府回购存量房，摘要未给年份）,无（模型冲击）,结构模型,宏观经济波动（土地财政替代）,DSGE模拟的宏观波动与预期产出,摘要未给（校准）,高（模型输出）,土地财政替代,"用""土地稳定器""替代""土地财政""每年预期产出增加0.61个百分点",房地产金融加速器为主要传导机制；增强货币政策稳定效果,不涉及,不涉及
预期管理,YQ,YQ-050,媒体ESG报道情绪与公司债券风险溢价——基于信息传导视角的证据,邓国营,金融研究,2025(5),其他实证,媒体ESG报道情绪,—（连续变量）,连续变量（非冲击）,一般回归,公司债券风险溢价,信用利差分解出的超额风险溢价与违约风险（远期密度模型）【预期：市场价格隐含，超额风险溢价反映投资者风险感知】,上市公司债券（2009—2022）；媒体报道文本,高,绿色金融；ESG；市场信心,无,主要降低超额风险溢价而非基本面违约风险；信息环境差时作用更强；EPU上升、市场信心低迷时预期修正效应更显著,市场价格隐含：超额风险溢价,媒体
预期管理,YQ,YQ-051,产业数字化与全球价值链利益分配的公平性——基于贸易收益与隐含碳排放成本视角,贾真,数量经济技术经济研究,2025(5),其他实证,产业数字化,—（连续变量）,连续变量（非冲击）,一般回归,全球价值链利益分配公平性,双边贸易和环境不公平性指数（贸易利得与贸易隐含碳排放负担）,双边层面跨国数据（来源摘要未给）,高,经济政策不确定性（关键词）,无,机制为中间品贸易技术溢出与缩小GVC分工地位差距；国家间开放、创新、规则协同强化效果,不涉及,不涉及
预期管理,YQ,YQ-052,投机性预期视角下的房价波动与宏观经济周期,张同斌,经济学(季刊),2025(4),模型模拟,投机性非理性预期（学习效应）；政策：引入房地产税,—（模型）,无（模型冲击）,结构模型,房价波动与宏观经济周期,模型模拟的房价、产出、消费波动【预期：基于学习效应的投机性预期为模型设定】,摘要未给,高（模型输出）,脱实向虚；房地产税,无,房地产税可抑制投机、稳定周期，但趋势上导致总产出显著下滑，推行时机需谨慎,模型设定（未实测）：投机性学习预期,不涉及
预期管理,YQ,YQ-053,中央银行通货膨胀预期管理有效性评估——基于文本通货膨胀预期指数的研究,郭豫媚,金融研究,2025(4),其他实证,央行通货膨胀预期引导,—（连续变量）,连续变量（非冲击）,摘要未给,央行通胀预期管理有效性（市场通胀预期）,周度市场通货膨胀预期指数【预期：文本，宏观经济研究报告文本经机器学习构建】,自建文本（中国宏观经济研究报告）,中,预期管理；央行沟通；健全预期管理机制,无,附理论模型；政策空间缩小、不确定性上升、市场预测能力不足时央行预期管理作用更大,文本：宏观研究报告机器学习通胀预期指数,央行
预期管理,YQ,YQ-054,经济增长目标引领与项目推进：基于中国PPP项目进程的分析,汪峰,世界经济,2025(3),其他实证,地方政府经济增长目标加码幅度,—（连续变量）,连续变量（非冲击）,一般回归,PPP项目推进,PPP项目签约时长；合同预期违约风险；再谈判可能性,2014—2018年地方政府发起的5038个PPP项目,高,PPP新机制；有效投资；目标引领增长,无,"绩效排名下降、目标""硬约束""、晋升动机强城市更明显；目标压力转为财政支出压力并推高违约风险",不涉及,不涉及
预期管理,YQ,YQ-055,中国式现代化税务实践中的预期管理浅析,邓力平,税务研究,2025(3),阐释综述,—,—,—,—,—,—,—,—,预期管理；中国式现代化；效能税务,—,—,—,—
预期管理,YQ,YQ-056,地方债的稳就业效应：来自中小银行专项债的证据,毛捷,数量经济技术经济研究,2025(3),冲击回归,中小银行专项债（地方政府专项债补充中小银行资本）,约2020（常识：2020年起发行；摘要未给年份）,分批试点或分地区推开,多期DID,稳就业（企业劳动雇佣）,新三板中小企业劳动雇佣规模；人力资本结构【预期：改善市场主体预期为机制，测法摘要未给】,中小银行专项债项目数据；新三板中小企业,高,稳就业；财政金融协同；稳市场主体保就业；专精特新,无,交叠DID；机制为缓解融资约束、改善市场主体预期；支持农村金融机构的专项债就业效应更明显,摘要未给：市场主体预期作机制,不涉及
预期管理,YQ,YQ-057,暴雨如何冲击城市——来自极端降水与城投债信用利差的证据,纪洋,经济学(季刊),2025(2),冲击回归,极端降水事件,—（反复发生的自然事件，样本2012—2020）,自然或历史,摘要未给,城市经济风险,城投债发行信用利差（日度）【预期：市场价格隐含，利差反映金融市场对当地经济风险的预期】,地级市城投债日度数据,中,城市治理；气候风险,无,财政金融能力强、应急管理能力强、排水防涝设施好的地区冲击缓解,市场价格隐含：城投债发行利差,不涉及
预期管理,YQ,YQ-058,财政空间约束下地方政府专项债的经济稳定效应,杜爽,财贸经济,2025(1),其他实证,地方政府专项债（专项债乘数），门槛变量为财政空间,—（连续变量）,连续变量（非冲击）,一般回归,专项债的经济稳定效应,总产出（专项债总产出乘数）,地方面板（来源摘要未给）,高,高质量发展；专项债管理制度,无,阈值面板模型；财政空间超过阈值时稳定效应被削弱；多数地方已超阈值，经济大省相对乐观,不涉及,不涉及
预期管理,YQ,YQ-059,关税冲击与企业数字技术应用,李涛,经济研究,2024(12),冲击回归,中美贸易摩擦企业层面关税冲击（美国加征关税）,约2018（常识；摘要未给年份）,外国政策,摘要未给,企业数字技术应用,年报文本经大语言模型构建的企业数字技术应用程度,上市公司年报文本；海关数据；关税变化数据（2015—2020）,中,无,无,中国加征关税效应不显著；机制为供应链、竞争压力、EPU与融资成本；上下游受冲击也影响应用决策,不涉及,不涉及
预期管理,YQ,YQ-060,货币政策预期管理的策略选择：模糊沟通与精确沟通,陈良源,管理世界,2024(12),模型模拟,央行沟通模糊程度（信息区间建模）,—（模型）,无（模型冲击）,结构模型,货币政策有效性与社会福利,数值模拟的信息偏差、学习偏差、预期偏差与福利损失【预期：适应性学习为模型设定】,无（数值模拟）,高（模型输出）,预期管理；政策沟通；健全预期管理机制,无,央行信息质量优时精确沟通更好；低信息质量与高不确定性下适度模糊可减少福利损失；区间过大则失效,模型设定（未实测）：适应性学习,央行
预期管理,YQ,YQ-061,财政预算绩效管理改革公告和城投债信用利差,阮睿,财政研究,2024(12),冲击回归,各省财政预算绩效管理改革公告（改革文件发布）,约2018—2019（常识：中央2018年9月部署后各省陆续发文；摘要未给年份）,分批试点或分地区推开,普通DID,城投债信用利差,城投债二级市场信用利差（违约风险预期）【预期：市场价格隐含】,城投债二级市场交易数据,高,预算绩效管理；财税体制改革；化解地方政府债务风险；公告效应,无,摘要仅称双重差分；利差下降主要来自违约风险预期下降；财政缺口低、透明度高、经济发达、政商关系好地区及AA+债更显著,市场价格隐含：城投债信用利差,地方政府（省级改革公告；发文机关摘要未给）
预期管理,YQ,YQ-062,跨境投融资便利、资本流动与经济稳定,孙坚强,经济研究,2024(11),模型模拟,跨境投融资便利（内地—香港—美国多经济体非对称开放模型）,—（模型）,无（模型冲击）,结构模型,资本流动与经济稳定,模型模拟的资本流动、产出波动与福利损失【预期：市场恐慌情绪为模型情景】,摘要未给,高（模型输出）,预期管理；金融高水平对外开放,无,便利化形成互补性资本流动循环、降低波动；恐慌情绪下反向加剧资本外逃，建议监测情绪、及时管理预期,模型设定（未实测）：市场恐慌情绪情景,不涉及
预期管理,YQ,YQ-063,预期引导、经济韧性与宏观经济治理,陈雨恬,管理世界,2024(11),其他实证,乐观与悲观市场预期的传导强度,—（连续变量）,连续变量（非冲击）,摘要未给,经济韧性（宏观经济与金融市场韧性）,"宏观经济与金融市场韧性测度（方法摘要未给）【预期：摘要称""准确刻画了我国的市场预期""，测法未给】",摘要未给,摘要无法判断,预期引导；预期管理；宏观经济治理；社会预期偏弱；稳定宏观经济大盘；高质量发展,无,金融市场对悲观预期更敏感；乐观传导走高、悲观传导转弱均提升韧性,摘要未给：市场预期,不涉及
预期管理,YQ,YQ-064,“金融科技-实体经济”匹配与企业绿色转型,徐斯旸,财贸经济,2024(11),其他实证,金融科技—实体经济匹配度,—（连续变量）,连续变量（非冲击）,一般回归,企业绿色转型,企业绿色转型（具体指标摘要未给）；融资约束、环保支出、风险承担,A股上市企业（2011—2020）,摘要无法判断,绿色转型；绿色信贷政策,无,EPU较高时促进效果更好；污染排放高地区驱动力更强,不涉及,不涉及
预期管理,YQ,YQ-065,金融稳定沟通与银行系统性风险,姜富伟,世界经济,2024(10),其他实证,中国人民银行金融稳定沟通情绪（词典法，2010—2020年全部沟通文本）,—（连续变量）,连续变量（非冲击）,一般回归,银行系统性风险,上市商业银行系统性风险（具体指标摘要未给）；流动性风险、信用风险、风险传染【预期：存款人预期为机制，未直接测】,自建文本（人民银行网站沟通文本）；A股上市商业银行,摘要无法判断,预期管理；金融稳定,无,正面沟通超过临界值后可能提高系统性风险,行为或结果代替：银行系统性风险,央行
预期管理,YQ,YQ-066,境外投资者持股缓解了控股股东掏空行为吗?,张浩,金融研究,2024(10),其他实证,境外投资者持股,—（连续变量）,连续变量（非冲击）,一般回归,控股股东掏空,控股股东资金占用,A股上市公司（手工整理境外股东）,中,资本市场开放；上市公司质量,持股比例5%及以上才能有效抑制（门槛）,机制为内部治理与外部监督；EPU较高时期抑制更明显,不涉及,不涉及
预期管理,YQ,YQ-067,“省直管县”财政体制改革对县级政府举债行为的影响研究,樊丽明,财贸经济,2024(10),冲击回归,省直管县财政体制改革,约2009（常识：财政部2009年推进意见；各县分批，样本2008—2019）,分批试点或分地区推开,多期DID,县级政府举债行为,县级政府债务（手工整理）【预期：被救助预期为机制，测法摘要未给】,手工整理1677个县级单位改革与债务数据（2008—2019）,高,省以下财政体制改革；新一轮财税体制改革；地方债务风险长效机制,无,机制为缓解财政压力、强化被救助预期、削弱被监督约束；与省县经济实力、救助资源自主性、财政透明度与审计效率相关,摘要未给：被救助预期作机制,不涉及
预期管理,YQ,YQ-068,优化中央与地方财政关系研究,刘尚希,财贸经济,2024(10),阐释综述,—,—,—,—,—,—,—,—,新一轮财税体制改革；高质量发展；财政体制可预期性,—,—,—,—
预期管理,YQ,YQ-069,央行沟通公告有助于提升政策利率的传导效率吗？,欧阳志刚,数量经济技术经济研究,2024(10),其他实证,"央行沟通公告（定量公告与定性公告；公开市场""小纸条""）",—（多次公告）,宏观或信息冲击,摘要未给,政策利率传导效率,"政策利率向货币市场短期利率的传导效率；""小纸条""语调变化与文本相似度【预期：公众信任为机制，未直接测】","自建文本（央行公告、""小纸条""）；货币市场利率",高,央行沟通,无,"定量公告提升传导效率、定性公告不显著；""小纸条""作用最显著，沟通精度越高引导效果越明显",行为或结果代替：货币市场利率传导,央行
预期管理,YQ,YQ-070,政府数据开放与资本区际流动：企业异地投资视角,彭远怀,数量经济技术经济研究,2024(10),冲击回归,地方政府数据开放平台开通,摘要未给,分批试点或分地区推开,摘要未给（称准自然实验）,资本区际流动（企业异地投资）,企业在目的地的子公司数量与注册资本；边际税费负担与非生产性成本,企业子公司数据（库名摘要未给）,中,区域协调发展；国家治理体系和治理能力现代化,无,机制为降低制度交易成本；更多流向市场化慢、干预强、EPU高的目的地；非国有、融资约束强企业更明显,不涉及,不涉及
预期管理,YQ,YQ-071,经济政策不确定性、国家宏观风险与国际证券投资,杨娇辉,金融研究,2024(8),其他实证,资金来源地经济政策不确定性,—（连续变量）,连续变量（非冲击）,一般回归,国际证券投资,双边国际证券投资头寸（22个来源地对91个目的地）；目的地宏观风险分布,双边国际证券投资头寸（2001—2019，来源摘要未给）,高,无,无,跨境金融资产交易引力模型；EPU上升提高对外证券投资，并更多配置到宏观风险高但相关性低的目的地,不涉及,不涉及
预期管理,YQ,YQ-072,美国三类不确定性冲击、生产网络传导与中国行业尾部风险,李政,金融研究,2024(8),其他实证,美国经济不确定性、金融不确定性与经济政策不确定性,—（时间序列）,宏观或信息冲击,一般回归,中国行业尾部风险,行业尾部风险（直接效应与网络效应）,行业数据与投入产出关联（来源摘要未给）,高,无,总效应的40%以上来自网络效应,HSAR模型；贸易摩擦期间美国金融不确定性影响更剧烈；EPU主要由上游向下游传导,不涉及,不涉及
预期管理,YQ,YQ-073,中国企业捐赠税收价格弹性估计,谢贞发,财政研究,2024(8),冲击回归,企业捐赠税前扣除限额拐点形成的捐赠税收价格（常识：年度利润总额12%限额）,约2008（常识：企业所得税法12%限额；2017年修订允许结转三年）,全国统一政策,群聚,企业捐赠税收价格弹性,企业捐赠（集约边际与扩展边际）,摘要未给,高,第三次分配；共同富裕,集约边际弹性−0.127，控制调整摩擦后长期约−0.216；扩展边际−1.267,另用工具变量；响应有滞后；社会信用环境影响激励效能；政策放宽预期下有跨期调整,不涉及,不涉及
预期管理,YQ,YQ-074,财政收入增长目标的稳预期机制识别——基于微观企业行为考察,付阳,财政研究,2024(8),其他实证,《政府工作报告》发布的财政收入增长目标,—（连续变量）,连续变量（非冲击）,一般回归,企业预期（稳预期机制）,上市公司年报文本语调；企业投资支出；税收负担与预算支出安排【预期：文本，上市公司年报语调】,上市公司（年报文本）；政府工作报告,中,稳预期；提振信心；预期管理；政策沟通；财政透明度,无,"目标虽增加税负，但经增加预算支出释放政府信心与承诺""信号""，改善企业预期并增加投资",文本：上市公司年报语调,"地方政府（政府工作报告；摘要以""层层加码""语境指向地方目标，层级未明写）"
预期管理,YQ,YQ-075,政策信号与流动人口长期居留意愿,张同斌,世界经济,2024(7),其他实证,城市政府工作报告中提取的政策信号（文本）,—（连续变量）,连续变量（非冲击）,一般回归,流动人口长期居留意愿,流动人口长期居留意愿；人口流入；社会融合度、满意度、未来信心【预期：问卷类变量，调查名摘要未给】,自建文本（城市政府工作报告）；流动人口调查（名称摘要未给）,高,政策信号；民生政策,无,信号促进财政支出增长与政策落地；横向信息增量越多、纵向增量越少越有利于人口流入,问卷：流动人口未来信心与居留意愿,地方政府
预期管理,YQ,YQ-076,增值税留抵退税、预期与企业雇佣,陈宇,金融研究,2024(7),冲击回归,增值税留抵退税政策（多期）,约2018（常识：2018年试行，2019、2022年扩围；摘要未给）,分批试点或分地区推开,多期DID,企业雇佣,"企业雇佣规模；机制：流动性约束、要素投资决策、经营主体信心【预期：文本，关键词含""文本分析""，文本来源摘要未给】",A股上市公司（2016—2022）,高,预期管理；提振经营主体信心,雇佣规模平均扩大2.31%,资本密集、成长期、非国企、融资约束大企业更显著；政府预期管理水平更高的地区就业效应更大,文本：经营主体信心（文本分析）,地方政府（政府预期管理水平为调节变量）
预期管理,YQ,YQ-077,公众异质预期、信息成本与货币政策传导,宋芳秀,金融研究,2024(7),其他实证,公众异质预期（央行储户问卷）,—（时间序列）,连续变量（非冲击）,局部投影或VAR,货币政策传导,区制转移VAR中的货币政策传导效果（具体变量摘要未给）【预期：问卷，中国人民银行储户问卷调查2001—2021】,中国人民银行储户问卷调查,摘要无法判断,预期管理；预期引导,无,异质预期阻碍传导、加剧波动；理论：信息成本差异扩大使更多个体采用不完全信息预期，加剧信息效应,问卷：央行储户问卷,不涉及
预期管理,YQ,YQ-078,地方债务置换与融资平台债务扩张,李一花,财贸经济,2024(7),冲击回归,中央主导的地方债务置换（城市置换债券规模）,2015,地区强度差异,摘要未给,融资平台债务扩张,融资平台新增城投债净发行额；地方财政（投资性）支出及效率【预期：救助预期为机制，测法摘要未给】,依申请公开收集的241个城市置换债券数据；新增城投债数据（2015—2018）,高,隐性债务；救助预期；防范化解地方债务风险长效机制,无,债务置换激励投资性支出过度扩张并降低效率；阻碍融资平台市场化转型,摘要未给：救助预期作机制,不涉及
预期管理,YQ,YQ-079,重大事件对经济金融风险溢出水平的持续影响,胡春阳,财贸经济,2024(7),冲击回归,金融重大事件与经济重大事件（结构突变识别）,—（多次事件，2002—2022）,宏观或信息冲击,局部投影或VAR,经济金融风险溢出水平,经济金融风险溢出水平（测法摘要未给）【预期：需求和预期下行风险为渠道，测法摘要未给】,金融市场与经济部门数据（2002.1—2022.12）,摘要无法判断,三重压力；财政政策,无,平滑局部投影；金融事件冲击更高、经济事件更稳定；扩张的支出型财政政策抑制效果优于货币政策与宏观审慎,摘要未给：预期下行风险渠道,不涉及
预期管理,YQ,YQ-080,央行沟通与资产价格——识别“潜在”未预期货币政策信息,董青马,金融研究,2024(6),冲击回归,央行沟通事件（会议通报、政策报告、口头沟通）中的未预期货币政策信息,摘要未给,宏观或信息冲击,事件研究,资产价格,事件窗口股票价格变动；债券市场【预期：市场价格隐含，未预期信息由资产价格反应识别（卡尔曼滤波潜在因子）】,股票与债券市场价格；央行沟通事件,高,预期管理；央行沟通,事件窗口约96%以上股价变动由未预期信息解释,政策报告影响大于会议通报；宽松/紧缩非对称，投资者对紧缩更敏感；口头沟通也有效,市场价格隐含：资产价格反应,央行
预期管理,YQ,YQ-081,央行沟通模糊性的测度及宏观经济效应研究,陈良源,财贸经济,2024(6),其他实证,央行沟通模糊性（监督词典法测政策倾向概率分布＋赫芬达尔多样性指数）,—（连续变量）,连续变量（非冲击）,局部投影或VAR,央行沟通模糊性的宏观经济效应,公众预期分歧；实际产出；CPI；货币政策有效性【预期：预期分歧测法摘要未给】,自建文本（央行口头与书面沟通）；欧洲央行沟通,高,预期管理；央行沟通；预期分歧,无,混频SVAR与平滑区制转移模型；模糊性扩大预期分歧、降低产出和CPI并削弱货币政策有效性；欧洲央行证据稳健,摘要未给：公众预期分歧,央行
预期管理,YQ,YQ-082,贷款市场报价利率的定价机制与宏观效应,殷红,管理世界,2024(6),模型模拟,贷款市场报价利率（LPR）形成机制改革,约2019（常识：2019年8月改革；摘要未给年份）,全国统一政策,结构模型,降息有效性与金融稳定,仿真模拟的贷款利率传导、两阶段加点与金融稳定,摘要未给,高（模型输出）,疏通货币政策传导；降低实体经济融资成本；政策信号,无,全局博弈建模；MLF利率疏通传导、自主加点挤出虚高水分；报价行信息精确度提高增强降息有效性与稳定性,不涉及,不涉及
预期管理,YQ,YQ-083,增值税留抵退税与企业内部薪酬差距,杨得前,税务研究,2024(6),冲击回归,2018年增值税留抵退税改革,2018,全国统一政策,普通DID,企业内部薪酬差距,管理层与普通员工平均薪酬；高管—员工、高管之间、高低技能员工间薪酬差距,非金融A股上市公司（2013—2021）,高,共同富裕；积极财政政策；改善社会预期,无,资本密集、高竞争、员工议价能力低企业更显著；经缓解融资约束、增加固定资产投资改善绩效,不涉及,不涉及
预期管理,YQ,YQ-084,政策保障与中国债券市场高质量发展：一个统一的分析框架,王永钦,管理世界,2024(5),其他实证,经济政策不确定性指数,—（连续变量）,连续变量（非冲击）,一般回归,债券市场高质量发展（结构性变化）,债券融资期限、保护条款、利差、高评级企业融资占比,中国债券市场（来源摘要未给）,中,金融强国；高质量发展；政策保障,无,抵押品均衡理论框架；高信用企业保控制权缩期限，低信用企业让渡控制权,不涉及,不涉及
预期管理,YQ,YQ-085,双循环背景下外部经济政策不确定性负向冲击的化解研究：基于企业投资行为视角,郝大鹏,财贸经济,2024(4),其他实证,外部经济政策不确定性（×企业及客户海外营收占比）,—（时间序列）,宏观或信息冲击,一般回归,企业投资,企业投资,企业及客户海外营收数据（来源摘要未给）,高,双循环；国内大循环,无,外部需求直接渠道与供应链传导效应；客户集中度下降可缓解；参与国内大循环可化解,不涉及,不涉及
预期管理,YQ,YQ-086,风险成本观下企业的成本变动和预期改善路径——2023年“企业成本”调研总报告,刘尚希,财政研究,2024(3),测度,无（调研描述）,—,无,无,企业成本变动与预期改善路径,企业成本水平与结构（问卷）【预期：问卷为企业成本调研，是否含预期题项摘要未给】,"中国财政科学研究院2023年""企业成本""全国线上问卷与实地调研",中,预期管理；改善企业预期；提振社会信心；降成本；公共风险,无,"2023年企业成本整体上升且结构变化；主张以风险成本观降低公共风险；标题含""预期改善""，实测为成本",摘要未给：问卷为企业成本调研,不涉及
预期管理,YQ,YQ-087,2023年税收理论研究综述,谷成,税务研究,2024(3),阐释综述,—,—,—,—,—,—,—,—,社会预期偏弱；党的二十大精神,—,—,—,—
预期管理,YQ,YQ-088,地方政府债务置换与企业杠杆率分化——兼论优化地方债务结构,李志生,经济研究,2024(2),冲击回归,2014—2015年地方政府债务管理体制改革（债务置换计划）,2015（2014—2015年推出）,全国统一政策,摘要未给,企业杠杆率分化,非国有企业相对国有企业的杠杆率；银行信贷供给；隐性担保预期【预期：测法摘要未给】,摘要未给,高,高质量发展；地方债务风险；实体经济,无,中小企业、低金融化企业、财政分权高与信贷配置市场化高地区更显著；机制为缓解挤出、增加信贷、降低隐性担保预期,摘要未给：隐性担保预期作机制,不涉及
预期管理,YQ,YQ-089,美联储货币政策溢出、央行预期管理与中国资产价格,李斌,世界经济,2024(1),其他实证,美联储货币政策冲击与沟通情绪；中国央行沟通情绪（中文情感词典）,—（连续变量）,外国政策,摘要未给,中国资产价格（A股）,A股市场；投资者负向预期与分歧【预期：测法摘要未给】,自建文本（中美央行沟通）；A股市场,高,预期管理；央行沟通；以我为主兼顾内外平衡,无,美联储消极沟通情绪显著影响A股；中国央行积极沟通可缓和；渠道为信号渠道与协同渠道,摘要未给：投资者预期与分歧,央行（中国人民银行；另含美联储）
预期管理,YQ,YQ-090,中国经济发展的机遇与挑战——学习中央经济工作会议精神座谈会综述,中国社会科学院工业经济研究所课题组,中国工业经济,2024(1),阐释综述,—,—,—,—,—,—,—,—,中央经济工作会议；稳预期；高质量发展；逆周期和跨周期调节,—,—,—,—
预期管理,YQ,YQ-091,积极财政政策的回顾与展望,吕炜,财政研究,2024(1),阐释综述,—,—,—,—,—,—,—,—,积极财政政策；宏观经济治理,—,—,—,—
预期管理,YQ,YQ-092,防范“脱实向虚”的另一面：契税税率下调与企业房产投机,唐飞鹏,数量经济技术经济研究,2024(1),冲击回归,地方政府依《契税暂行条例》和《契税法》授权下调契税税率,摘要未给,分批试点或分地区推开,摘要未给（称准自然实验）,企业房产投机（脱实向虚）,实体企业房产投机行为（测法摘要未给）；创新投资、设备投资、寻租支出【预期：预期经营风险与财务风险为机制，测法摘要未给】,摘要未给,摘要无法判断,脱实向虚；高质量发展；营商环境；土地财政,无,"融资紧、税费重企业与土地财政依赖高地区更显著；机制为""蓄水池""效应与替代效应",摘要未给：预期经营风险作机制,不涉及
预期管理,YQ,YQ-093,数字政府促进经济发展：理论机制与跨国证据,周荃,数量经济技术经济研究,2023(12),其他实证,数字政府建设,—（连续变量）,连续变量（非冲击）,一般回归,经济发展,劳均产出；企业获取政务服务的时间与程序数,2002—2019年全球167个经济体,中,数字政府；高质量发展；国家治理体系和治理能力现代化,无,附一般均衡模型；机制为降低合规成本；需提高数字政府使用率,不涉及,不涉及
预期管理,YQ,YQ-094,央行言辞沟通与银行信贷投放：总量与结构效应,王宇伟,金融研究,2023(11),其他实证,央行言辞沟通方向（宽松/紧缩）,—（连续变量）,连续变量（非冲击）,一般回归,银行信贷投放（总量与结构）,46家商业银行信贷投放总量；分行业信贷（政府平台、房地产、制造业）【预期：未直接测，以银行信贷行为反映】,46家商业银行（2012—2021）,高,预期管理；金融供给侧结构性改革；服务实体经济,无,宽松方向影响强于紧缩；宽松增量主要流入政府平台和房地产；2018年后信贷结构改善,行为或结果代替：银行信贷投放,央行
预期管理,YQ,YQ-095,共建“一带一路”与互联互通深化——基于沿线国家间的视角,周茂,管理世界,2023(11),冲击回归,"共建""一带一路""倡议（沿线国家为处理组）",2014（摘要称2014年倡议实施）,全国统一政策,普通DID,沿线国家间互联互通,五通网络规模、密度、节点联系（政策沟通、设施联通、贸易畅通、资金融通、民心相通）,沿线国家双边数据（来源摘要未给）,高,一带一路高质量发展；互联互通,无,结合复杂网络分析；海上丝路国家间效应更突出；收入差距大的国家间政策沟通、资金融通效应更突出,不涉及,不涉及
预期管理,YQ,YQ-096,“去刚兑”背景下的企业债券违约风险：机器学习预警和经济机制探究,姜富伟,金融研究,2023(10),测度,无（机器学习违约预警，1245个变量）,—,无,无（机器学习预测）,企业债券违约风险,债券违约（预测）,宏观经济—微观企业混合大数据集,高,去刚兑；金融稳定；服务实体经济,无,非线性机器学习优于Altman、Merton与信用评级模型；EPU高时期预测能力更强,不涉及,不涉及
预期管理,YQ,YQ-097,政策脱钩与市场信念：来自隐债清零事件的证据,李娜,财贸经济,2023(10),冲击回归,隐债清零试点事件（释放脱钩与救助信号）,摘要未给,分批试点或分地区推开,事件研究,市场信念（隐性担保预期）,城投债利差【预期：市场价格隐含】,城投债数据（库名摘要未给）,中,隐性担保预期；政策信号；加强市场预期引导；隐债治理长效机制,无,非参数与参数结合的事件研究；市场选择性相信救助而非脱钩，利差不升反降；高债务率地区更突出,市场价格隐含：城投债利差,其他（试点事件作为政策信号，发布主体摘要未给）
预期管理,YQ,YQ-098,纳税声誉与企业风险——基于经济政策不确定性加剧的证据,刘强,财政研究,2023(10),其他实证,企业纳税声誉（纳税信用评级）×经济政策不确定性加剧（2015—2019）,—（连续变量）,连续变量（非冲击）,一般回归,企业经营风险,企业经营风险变动；财政补贴；融资约束；经营表现,摘要未给,高,纳税信用；经济政策不确定性,无,纳税声誉带来更多补贴与更低融资约束；政商环境、行业、成熟度呈非对称效应,不涉及,不涉及
预期管理,YQ,YQ-099,企业为何选择劳务外包——基于经济政策不确定性的解释,杨国超,中国工业经济,2023(9),其他实证,经济政策不确定性（宏观、行业、企业层面NLP指标）,—（连续变量）,连续变量（非冲击）,一般回归,企业劳务外包选择,上市公司披露的劳务外包（手工整理）；生产效率；低学历员工用工需求,上市公司劳务外包信息（手工）；文本,高,无,无,民企更显著；宏观不确定性影响大于行业与企业层面；更多外包低端业务,不涉及,不涉及
预期管理,YQ,YQ-100,央行预期引导可以降低银行系统性金融风险吗?——基于市场解读偏离的视角,王辉,金融研究,2023(9),其他实证,货币政策执行报告文本情绪、市场解读情绪及央行预期情绪市场接收程度指数,—（连续变量）,连续变量（非冲击）,一般回归,银行系统性金融风险,商业银行系统性金融风险（具体指标摘要未给）；信贷与同业业务冲击【预期：文本，市场解读报告情绪＝市场接收程度】,自建文本（货币政策执行报告、市场解读报告）；商业银行资产负债表,摘要无法判断,预期引导；预期管理,无,三类指数均降低系统性风险且效果依次减弱；EPU大时被削弱；前瞻性文本影响大于回顾性,文本：市场解读报告情绪,央行
预期管理,YQ,YQ-101,房价升值预期、财富幻觉与家庭消费——基于《国六条》的证据,王岳龙,数量经济技术经济研究,2023(9),冲击回归,2006年5月《国六条》对90平方米以下中小户型的税收和信贷优惠（面积断点）,2006,全国统一政策,断点,家庭消费（房价升值预期）,家庭消费支出及分项；信贷约束；预期住房价值【预期：以90平方米断点识别的预期住房价值，具体测法摘要未给】,CHFS＋CFPS（2010—2017）,高,预期管理；后疫情时代,预期住房价格增加1%，家庭消费支出上升1.07%,财富幻觉强化影响；主要提高食品、衣着、医疗保健支出；未改变信贷约束,摘要未给：预期住房价值（断点识别）,不涉及
预期管理,YQ,YQ-102,资产减值信息与地方政府隐性债务风险预测,罗宏,管理世界,2023(8),其他实证,省级汇总的上市公司资产减值损失,—（连续变量）,连续变量（非冲击）,一般回归,地方政府隐性债务风险（预测）,"城投债反映的隐性债务风险；投资者""隐性担保""预期【预期：市场价格隐含，城投债定价】",沪深A股上市公司（省级汇总）；城投债,中,隐性债务；防范系统性风险,无,资产减值反映财政实力与隐性债务负担；中央转移支付、债务置换与政府干预削弱预测效度,市场价格隐含：城投债定价中的隐性担保预期,不涉及
预期管理,YQ,YQ-103,新经济形势下税收优惠政策调整策略刍议,国家税务总局河北省税务局课题组,税务研究,2023(8),阐释综述,—,—,—,—,—,—,—,—,稳定市场预期；促消费强预期；减税降费；留抵退税；六税两费,—,—,—,—
预期管理,YQ,YQ-104,经济政策不确定性、企业货币政策感知与实业投资,张成思,财贸经济,2023(7),其他实证,经济政策不确定性×企业货币政策感知指数（年报文本）,—（连续变量）,连续变量（非冲击）,一般回归,企业实业投资,企业实业投资【预期：文本，年报构建的货币政策感知指数，分回顾与展望】,A股非金融上市公司（2009—2018）；年报文本,高,预期管理；政策不确定性,无,作用主要来自展望部分；渠道为实物期权与金融摩擦；资产可逆性低、外源融资依赖高企业更有效,文本：年报货币政策感知（展望）指数,不涉及
预期管理,YQ,YQ-105,经济政策不确定性与企业技术型并购——基于企业间的策略性互动关系视角,邢斐,中国工业经济,2023(6),其他实证,经济政策不确定性,—（连续变量）,连续变量（非冲击）,一般回归,企业技术型并购,技术型并购倾向；并购溢价；标的创新产出与研发投入,上市企业（2004—2017）,高,高质量发展；产业升级,无,竞争性行业、民企与下行期更显著；被收购方索要高价，收购方偏好已实现的创新,不涉及,不涉及
预期管理,YQ,YQ-106,房价控制与工业污染：来自房地产市场乱象治理的证据,文强,世界经济,2023(6),冲击回归,"2018年7—12月""治理房地产市场乱象专项行动""（试点城市）",2018,分批试点或分地区推开,普通DID,工业污染,试点城市房价水平；工业污染程度（具体指标摘要未给）,城市数据（来源摘要未给）,摘要无法判断,土地财政；环境规制,无,地方政府为应对土地财政冲击放松环境监管；促进创新与加强环境规制可缓解,不涉及,不涉及
预期管理,YQ,YQ-107,刚兑信仰分化：隐性担保预期与城投债定价,曹婧,世界经济,2023(6),冲击回归,地方政府债务恳谈会召开（传递救助预期）,摘要未给,宏观或信息冲击,普通DID,城投债定价（隐性担保预期）,城投债一级市场发行信用利差与二级市场交易信用利差【预期：市场价格隐含】,债券发行与交易季度数据（2019—2021）,高,刚兑信仰；隐性担保；兜底信号；市场预期分歧,无,一级市场利差收窄（隐性担保）、二级市场利差扩大（隐性担忧）；机制为承销议价能力与财政金融资源调动能力,市场价格隐含：一二级市场信用利差,地方政府
预期管理,YQ,YQ-108,经济政策不确定性与企业数字化战略：效应与机制,祝树金,数量经济技术经济研究,2023(5),其他实证,经济政策不确定性,—（连续变量）,连续变量（非冲击）,一般回归,企业数字化战略（数字化转型）,企业数字化转型程度（测法摘要未给）；经营成本与经营风险,摘要未给,摘要无法判断,高质量发展；降本增效,EPU每提高1个标准差，企业数字化转型程度平均提高16.32%,机制为提高经营成本与经营风险的倒逼；数字化优于金融化与现金持有；行业内溢出加强正向作用,不涉及,不涉及
预期管理,YQ,YQ-109,增值税立法：意义重大  影响深远——兼论《中华人民共和国增值税法（草案）》仍需解决的几个问题,朱江涛,税务研究,2023(5),阐释综述,—,—,—,—,—,—,—,—,增值税立法；税收法定；稳定市场主体税收预期；党的二十大；法治中国,—,—,—,—
预期管理,YQ,YQ-110,土地财政、基建投资扩张与生产率下降,梅冬州,经济学(季刊),2023(4),模型模拟,地方政府土地财政与土地抵押融资,—（模型）,无（模型冲击）,结构模型,生产率下降（TFP贡献）,多部门DSGE模拟的TFP贡献率与资源配置效率【预期：企业应用新技术的预期收益为模型设定】,摘要未给,高（模型输出）,土地财政,无,房价上升带来的财政收入流向基建、土地抵押融资抬高非基建部门资金成本,模型设定（未实测）：新技术预期收益,不涉及
预期管理,YQ,YQ-111,中国式影子银行对于地方融资平台债务的定价机制研究,邵新建,金融研究,2023(4),其他实证,城市土地市场景气（土地价格、流拍）与刚性兑付预期（信托公司兑付能力、国有产权）,—（连续变量）,连续变量（非冲击）,一般回归,影子银行对融资平台债务的定价,政信合作信托产品信用利差（178个城市，2010—2017）【预期：市场价格隐含；刚兑预期以资本充足率、杠杆率、国有产权等代理】,信托公司政信合作类投资产品,高,刚性兑付；土地财政,无,新《预算法》颁布显著弱化国有产权与刚兑预期的正向关系（另一冲击）；地理关联降低风险补偿,市场价格隐含：信托产品信用利差,不涉及
预期管理,YQ,YQ-112,企业研发风险、央地选择偏好与政府补贴政策优化研究,刘净然,财政研究,2023(4),其他实证,中央与地方研发补贴（手工整理）,—（连续变量）,连续变量（非冲击）,一般回归,企业研发投入,企业研发投入,上市公司（2007—2020）；手工整理的中央与地方研发补贴,高,原创技术策源地；产业链供应链；央地财政事权与支出责任,无,附含研发项目预期剩余期限的理论模型；中央补贴有激励作用，地方补贴有挤出效应,不涉及,不涉及
预期管理,YQ,YQ-113,减税、增支与宽货币的宏观调控政策效应——基于CGE模型的模拟分析,刘元生,税务研究,2023(4),模型模拟,减税、增加财政支出与宽松货币（政策方案）,—（模型）,无（模型冲击）,结构模型,宏观调控政策效应,CGE模拟的产出等宏观变量,摘要未给,高（模型输出）,三重压力；预期转弱；积极财政政策精准提效,无,财政效果优于货币；增值税减税最能促进产出，其次为民生性支出,不涉及,不涉及
预期管理,YQ,YQ-114,积极财政政策举措能够实现“自融资”吗——基于初始财政状态的分析,王博,财贸经济,2023(3),其他实证,外生财政冲击（支出型与税收型）,—（时间序列）,宏观或信息冲击,局部投影或VAR,"地方财政可持续性（""自融资""）",地方负债率；市场预期（测法摘要未给）,省份季度数据,中,三重压力；积极财政政策；减税降费；放水养鱼,无,"工具变量局部投影＋面板SVAR；初始财政压力小时正向支出冲击可""自融资""；减税型措施对地方财政负面影响更小",摘要未给：市场预期,不涉及
预期管理,YQ,YQ-115,多重不确定性下的风险权衡与对冲——2022年“地方财政经济运行”调研总报告,中国财政科学研究院2022年“地方财政经济运行”课题组,财政研究,2023(3),阐释综述,—,—,—,—,—,—,—,—,公共风险；风险对冲；超预期冲击；专项债,—,—,—,—
预期管理,YQ,YQ-116,企业数字化转型与经济政策不确定性感知,方明月,金融研究,2023(2),其他实证,企业数字化转型（文本）,—（连续变量）,连续变量（非冲击）,一般回归,企业经济政策不确定性感知,年报文本构造的企业层面EPU感知【预期：文本，年报】,A股制造业上市公司（2012—2020）；年报文本,中,稳预期；数字经济,数字化转型每提高1个标准差，EPU感知降低3.86%,稳健性用Bartik工具变量与合成双重差分（SDID）；渠道为减少信息不对称、提高信息处理能力,文本：年报EPU感知,不涉及
预期管理,YQ,YQ-117,不确定性冲击、信贷资源错配与货币财政政策效果,王义中,世界经济,2023(2),模型模拟,不确定性冲击（多部门一般均衡模型）,—（模型）,无（模型冲击）,结构模型,信贷资源错配与货币财政政策效果,模型中的信贷配置与错配程度【预期：投融资预期为模型设定】,摘要未给（典型事实）,高（模型输出）,结构性财政政策,无,扩张性货币政策效果有限；结构性财政政策（担保与救助）改善高风险企业信贷可得性与投融资预期,模型设定（未实测）：投融资预期,不涉及
预期管理,YQ,YQ-118,媒体信息、预期冲击与经济周期波动——基于中文财经类报刊数据,郑挺国,数量经济技术经济研究,2023(2),其他实证,新闻指数（LDA新闻主题关注度）识别的预期冲击与噪声冲击,—（时间序列）,宏观或信息冲击,局部投影或VAR,经济周期波动,消费、产出等宏观经济变量【预期：文本，中文财经报刊LDA主题关注度构建的新闻指数作为公众预期】,自建文本（中文财经类报刊）；宏观数据,高,预期管理,无,结构VAR；新闻指数领先消费与产出；预期冲击有永久影响，噪声冲击影响逐渐衰减,文本：财经报刊新闻指数,媒体
预期管理,YQ,YQ-119,"化解“三重压力”,促进经济发展质量与增长速度共同提升",汪红驹,财贸经济,2023(1),阐释综述,—,—,—,—,—,—,—,—,三重压力；高质量发展；扩大内需战略；供给侧结构性改革；中国式现代化,—,—,—,—
预期管理,YQ,YQ-120,经济波动、经营调整与增值税税负周期性,席鹏辉,财政研究,2023(1),其他实证,经济波动（地市GDP预期目标与实际值差距）,—（连续变量）,连续变量（非冲击）,一般回归,增值税税负周期性,企业增值税实际税率；进项税额；固定资产投资与原材料库存；税务稽查强度,全国税收调查数据；手工搜集的地市《政府工作报告》,高,积极财政政策加力提效,无,增值税税率顺周期，源于经济下行时进项税额减少（压缩固定资产投资与库存），征管因素无法解释,不涉及,不涉及
预期管理,YQ,YQ-121,不确定形势下企业面临的风险挑战和成本变化趋势——2022年“企业成本”调研总报告,刘尚希,财政研究,2023(1),测度,无（调研描述）,—,无,无,企业风险挑战与成本变化,"企业成本负担（问卷）；""组合式""税费支持政策成效","中国财政科学研究院2022年""企业成本""调研（13764份有效企业问卷及访谈）",高,组合式税费支持政策；预期管理；公共风险；降成本；治理效能,无,"外部不确定性与公共风险叠加对冲降成本政策效果；主张""风险—成本""框架",不涉及,不涉及
